-- phpMyAdmin SQL Dump
-- version 4.8.5
-- https://www.phpmyadmin.net/
--
-- Servidor: 127.0.0.1
-- Tiempo de generación: 02-07-2019 a las 17:06:34
-- Versión del servidor: 10.1.40-MariaDB
-- Versión de PHP: 7.1.29

SET SQL_MODE = "NO_AUTO_VALUE_ON_ZERO";
SET AUTOCOMMIT = 0;
START TRANSACTION;
SET time_zone = "+00:00";


/*!40101 SET @OLD_CHARACTER_SET_CLIENT=@@CHARACTER_SET_CLIENT */;
/*!40101 SET @OLD_CHARACTER_SET_RESULTS=@@CHARACTER_SET_RESULTS */;
/*!40101 SET @OLD_COLLATION_CONNECTION=@@COLLATION_CONNECTION */;
/*!40101 SET NAMES utf8mb4 */;

--
-- Base de datos: `sievostiven`
--

DELIMITER $$
--
-- Funciones
--
CREATE DEFINER=`sievo`@`%` FUNCTION `EDADCARTERA` (`P1` INT) RETURNS INT(11) BEGIN
#-- DECLARE THE RETURN VARIABLE HERE
	DECLARE VAR1 INT;
	DECLARE VAR2 DOUBLE;
	SET VAR1 = 0;
IF (P1 >= 0) THEN
	
		SET VAR2 = (CAST(P1 AS DECIMAL) / CAST(30 AS DECIMAL));
		SET VAR1 = ROUND(VAR2,0);
		
		#-- EVAL VALUE
		
		IF (VAR1 = 0) THEN
			SET VAR1 = 0;
			ELSEIF (VAR1 = 1) THEN
				SET VAR1 = 30;
			ELSEIF (VAR1 > 1 AND VAR1 <= 2) THEN
				SET VAR1 = 60;
			ELSEIF (VAR1 > 2 AND VAR1 <= 3) THEN
				SET VAR1 = 90;
			ELSEIF (VAR1 > 3 AND VAR1 <= 4) THEN
				SET VAR1 = 120;
			ELSEIF (VAR1 > 4 AND VAR1 <= 5) THEN
				SET VAR1 = 150;
			ELSEIF (VAR1 > 5 AND VAR1 <= 6) THEN
				SET VAR1 = 180;
			ELSEIF (VAR1 > 6 AND VAR1 <= 7) THEN
				SET VAR1 = 210;
			ELSEIF (VAR1 > 7 AND VAR1 <= 8) THEN
				SET VAR1 = 240;
			ELSEIF (VAR1 > 8 AND VAR1 <= 9) THEN
				SET VAR1 = 270;
			ELSEIF (VAR1 > 9 AND VAR1 <= 10) THEN
				SET VAR1 = 300;
			ELSEIF (VAR1 > 10 AND VAR1 <= 11) THEN
				SET VAR1 = 330;
			ELSEIF (VAR1 > 11 AND VAR1 <= 12) THEN
				SET VAR1 = 360;
			ELSE 
				SET VAR1 = 999;
		END IF;
	ELSE
		SET VAR1 = 0;
	END IF;
	#-- RETURN THE RESULT OF THE FUNCTION
	RETURN (VAR1);
END$$

DELIMITER ;

-- --------------------------------------------------------

--
-- Estructura de tabla para la tabla `cuentas_contab`
--

CREATE TABLE `cuentas_contab` (
  `CODIGO` char(8) DEFAULT NULL,
  `ID_TIPOCTA` char(1) DEFAULT NULL,
  `ID_CTANIV1` char(8) DEFAULT NULL,
  `ID_CTANIV2` char(8) DEFAULT NULL,
  `ID_CTANIV3` char(8) DEFAULT NULL,
  `ID_CTANIV4` char(8) DEFAULT NULL,
  `ID_CTANIV5` char(8) DEFAULT NULL,
  `ID_CTANIV6` char(8) DEFAULT NULL,
  `ID_CTANIV7` char(8) DEFAULT NULL,
  `ID_CTANIV8` char(8) DEFAULT NULL,
  `DESCRIPCION` char(40) DEFAULT NULL,
  `NIVEL` char(2) DEFAULT NULL,
  `CUENTA_PADRE` char(8) DEFAULT NULL,
  `TIPO` char(1) DEFAULT NULL,
  `NATURALEZA` char(1) DEFAULT NULL,
  `FMTO_EDICION` char(12) DEFAULT NULL,
  `UNIDAD_NEGOCIO` char(2) DEFAULT NULL
) ENGINE=InnoDB DEFAULT CHARSET=utf8;

--
-- Volcado de datos para la tabla `cuentas_contab`
--

INSERT INTO `cuentas_contab` (`CODIGO`, `ID_TIPOCTA`, `ID_CTANIV1`, `ID_CTANIV2`, `ID_CTANIV3`, `ID_CTANIV4`, `ID_CTANIV5`, `ID_CTANIV6`, `ID_CTANIV7`, `ID_CTANIV8`, `DESCRIPCION`, `NIVEL`, `CUENTA_PADRE`, `TIPO`, `NATURALEZA`, `FMTO_EDICION`, `UNIDAD_NEGOCIO`) VALUES
('1', '', '1', '1', '1', '1', '1', '1', '1', '1', 'ACTIVO', ' 1', '', 'T', 'D', '', ''),
('11', '', '1', '11', '11', '11', '11', '11', '11', '11', 'DISPONIBLE', ' 2', '1', 'T', 'D', '', ''),
('1105', '', '1', '11', '1105', '1105', '1105', '1105', '1105', '1105', 'CAJA', ' 3', '11', 'T', 'D', '', ''),
('110505', '', '1', '11', '1105', '110505', '110505', '110505', '110505', '110505', 'Caja General', ' 4', '1105', 'D', 'D', '', ''),
('110506', '', '1', '11', '1105', '110506', '110506', '110506', '110506', '110506', 'Caja General', ' 4', '1105', 'D', 'D', '', ''),
('110507', '', '1', '11', '1105', '110507', '110507', '110507', '110507', '110507', 'Caja PDV', ' 4', '1105', 'D', 'D', '', ''),
('110510', '', '1', '11', '1105', '110510', '110510', '110510', '110510', '110510', 'Caja Menor', ' 4', '1105', 'D', 'D', '', ''),
('1110', '', '1', '11', '1110', '1110', '1110', '1110', '1110', '1110', 'BANCOS', ' 3', '11', 'T', 'D', '', ''),
('111005', '', '1', '11', '1110', '111005', '111005', '111005', '111005', '111005', 'MONEDA NACIONAL', ' 4', '1110', 'T', 'D', '', ''),
('11100501', '', '1', '11', '1110', '111005', '11100501', '11100501', '11100501', '11100501', 'Banco de colombia Cta 8394-000074-1', ' 5', '111005', 'D', 'D', '', ''),
('11100502', '', '1', '11', '1110', '111005', '11100502', '11100502', '11100502', '11100502', 'Banco Agrario Cte No.369030001092', ' 5', '111005', 'D', 'D', '', ''),
('11100503', '', '1', '11', '1110', '111005', '11100503', '11100503', '11100503', '11100503', 'Banco Bogota cta.cte.146331483', ' 5', '111005', 'D', 'D', '', ''),
('11100504', '', '1', '11', '1110', '111005', '11100504', '11100504', '11100504', '11100504', 'Bco.Bogota cta.cte. 207-143330', ' 5', '111005', 'D', 'D', '', ''),
('11100505', '', '1', '11', '1110', '111005', '11100505', '11100505', '11100505', '11100505', 'Banco Tequendama', ' 5', '111005', 'D', 'D', '', ''),
('11100506', '', '1', '11', '1110', '111005', '11100506', '11100506', '11100506', '11100506', 'Banco de Colombia Cta.807113155-17', ' 5', '111005', 'D', 'D', '', ''),
('11100507', '', '1', '11', '1110', '111005', '11100507', '11100507', '11100507', '11100507', 'BANCO DAVIVIENDA 125-05579-8', ' 5', '111005', 'D', 'D', '', ''),
('11100508', '', '1', '11', '1110', '111005', '11100508', '11100508', '11100508', '11100508', 'Banco de Bogota Cta Cte 207143330', ' 5', '111005', 'D', 'D', '', ''),
('11100509', '', '1', '11', '1110', '111005', '11100509', '11100509', '11100509', '11100509', 'Banco Bogota cta cr 23451000062', ' 5', '111005', 'D', 'D', '', ''),
('11100510', '', '1', '11', '1110', '111005', '11100510', '11100510', '11100510', '11100510', 'BANCO DAVIVIENDA 017569998747', ' 5', '111005', 'D', 'D', '', ''),
('11100511', '', '1', '11', '1110', '11100511', '11100511', '11100511', '11100511', '11100511', 'BANCO DAVIVIENDA PDV', ' 4', '1110', 'D', 'D', '11100511', ''),
('1120', '', '1', '11', '1120', '1120', '1120', '1120', '1120', '1120', 'CUENTAS DE AHORRO', ' 3', '11', 'T', 'D', '', ''),
('112010', '', '1', '11', '1120', '112010', '112010', '112010', '112010', '112010', 'CORPORACIONES DE AHORRO', ' 4', '1120', 'T', 'D', '', ''),
('11201001', '', '1', '11', '1120', '112010', '11201001', '11201001', '11201001', '11201001', 'Davivienda', ' 5', '112010', 'D', 'D', '', ''),
('12', '', '1', '12', '12', '12', '12', '12', '12', '12', 'INVERSIONES', ' 2', '1', 'T', 'D', '', ''),
('1225', '', '1', '12', '1225', '1225', '1225', '1225', '1225', '1225', 'CERTIFICADOS', ' 3', '12', 'T', 'D', '', ''),
('122510', '', '1', '12', '1225', '122510', '122510', '122510', '122510', '122510', 'CERTIFICADOS DE DEPOSITO DE AHORRO', ' 4', '1225', 'T', 'D', '', ''),
('12251001', '', '1', '12', '1225', '122510', '12251001', '12251001', '12251001', '12251001', 'Banco de Colombia', ' 5', '122510', 'D', 'D', '', ''),
('12251002', '', '1', '12', '1225', '122510', '12251002', '12251002', '12251002', '12251002', 'Banco de Bogota', ' 5', '122510', 'D', 'D', '', ''),
('1240', '', '1', '12', '1240', '1240', '1240', '1240', '1240', '1240', 'ACEPTACIONES BANCARIAS', ' 3', '12', 'T', 'D', '', ''),
('124005', '', '1', '12', '1240', '124005', '124005', '124005', '124005', '124005', 'BANCOS COMERCIALES', ' 4', '1240', 'T', 'D', '', ''),
('12400501', '', '1', '12', '1240', '124005', '12400501', '12400501', '12400501', '12400501', 'Banco de Colombia', ' 5', '124005', 'D', 'D', '', ''),
('1255', '', '1', '12', '1255', '1255', '1255', '1255', '1255', '1255', 'OBLIGATORIAS', ' 3', '12', 'T', 'D', '', ''),
('125515', '', '1', '12', '1255', '125515', '125515', '125515', '125515', '125515', 'BONOS DE DASARROLLO SOCIAL', ' 4', '1255', 'T', 'D', '', ''),
('12551501', '', '1', '12', '1255', '125515', '12551501', '12551501', '12551501', '12551501', 'BDSI', ' 5', '125515', 'D', 'D', '', ''),
('12551502', '', '1', '12', '1255', '125515', '12551502', '12551502', '12551502', '12551502', 'BONOS DE SOLIDARIDAD PARA LA PAZ', ' 5', '125515', 'D', 'D', '', ''),
('13', '', '1', '13', '13', '13', '13', '13', '13', '13', 'DEUDORES', ' 2', '1', 'T', 'D', '', ''),
('1305', '', '1', '13', '1305', '1305', '1305', '1305', '1305', '1305', 'CLIENTES', ' 3', '13', 'T', 'D', '', ''),
('130505', '', '1', '13', '1305', '130505', '130505', '130505', '130505', '130505', 'Nacionales', ' 4', '1305', 'D', 'D', '', ''),
('130506', '', '1', '13', '1305', '130506', '130506', '130506', '130506', '130506', 'Ventas por el sistema E COM', ' 4', '1305', 'D', 'D', '', ''),
('130520', '', '1', '13', '1305', '130520', '130520', '130520', '130520', '130520', 'Otras deudas nacionales', ' 4', '1305', 'D', 'D', '', ''),
('1325', '', '1', '13', '1325', '1325', '1325', '1325', '1325', '1325', 'CUENTAS POR COBRAR A SOCIOS', ' 3', '13', 'T', 'D', '', ''),
('132505', '', '1', '13', '1325', '132505', '132505', '132505', '132505', '132505', 'Socios', ' 4', '1325', 'D', 'D', '', ''),
('1330', '', '1', '13', '1330', '1330', '1330', '1330', '1330', '1330', 'ANTICIPOS Y AVANCES', ' 3', '13', 'T', 'D', '', ''),
('133005', '', '1', '13', '1330', '133005', '133005', '133005', '133005', '133005', 'A proveedores', ' 4', '1330', 'D', 'D', '', ''),
('133010', '', '1', '13', '1330', '133010', '133010', '133010', '133010', '133010', 'A Contratistas', ' 4', '1330', 'D', 'D', '', ''),
('133015', '', '1', '13', '1330', '133015', '133015', '133015', '133015', '133015', 'A trabajadores', ' 4', '1330', 'D', 'D', '', ''),
('133035', '', '1', '13', '1330', '133035', '133035', '133035', '133035', '133035', 'Anticipo gastos vendedores', ' 4', '1330', 'D', 'D', '', ''),
('133040', '', '1', '13', '1330', '133040', '133040', '133040', '133040', '133040', 'Seguros pagados por anticipado', ' 4', '1330', 'D', 'D', '133040', ''),
('133095', '', '1', '13', '1330', '133095', '133095', '133095', '133095', '133095', 'Otros', ' 4', '1330', 'D', 'D', '', ''),
('1335', '', '1', '13', '1335', '1335', '1335', '1335', '1335', '1335', 'DEPOSITOS', ' 3', '13', 'T', 'D', '1335', ''),
('133520', '', '1', '13', '1335', '133520', '133520', '133520', '133520', '133520', 'PARA RESPONSABILIDADAES', ' 4', '1335', 'D', 'D', '133520', ''),
('1345', '', '1', '13', '1345', '1345', '1345', '1345', '1345', '1345', 'INGRESOS POR COBRAR', ' 3', '13', 'T', 'D', '', ''),
('134510', '', '1', '13', '1345', '134510', '134510', '134510', '134510', '134510', 'Intereses', ' 4', '1345', 'D', 'D', '', ''),
('134595', '', '1', '13', '1345', '134595', '134595', '134595', '134595', '134595', 'Otros', ' 4', '1345', 'D', 'D', '', ''),
('1355', '', '1', '13', '1355', '1355', '1355', '1355', '1355', '1355', 'ANTICIPO IMPTOS, CONTRIBUC. SALDO A FAVO', ' 3', '13', 'T', 'D', '', ''),
('135510', '', '1', '13', '1355', '135510', '135510', '135510', '135510', '135510', 'Anticipo de industria y Comercio', ' 4', '1355', 'D', 'D', '', ''),
('135515', '', '1', '13', '1355', '135515', '135515', '135515', '135515', '135515', 'RETENCION EN LA FUENTE', ' 4', '1355', 'T', 'D', '', ''),
('13551501', '', '1', '13', '1355', '135515', '13551501', '13551501', '13551501', '13551501', 'Retencion por ventas', ' 5', '135515', 'D', 'D', '', ''),
('13551502', '', '1', '13', '1355', '135515', '13551502', '13551502', '13551502', '13551502', 'Retencion  Por Servcicios', ' 5', '135515', 'D', 'D', '', ''),
('13551510', '', '1', '13', '1355', '135515', '13551510', '13551510', '13551510', '13551510', 'AUTORETENCION POR VENTA', ' 5', '135515', 'D', 'D', '', ''),
('13551511', '', '1', '13', '1355', '135515', '13551511', '13551511', '13551511', '13551511', 'AUTORETEN POR VENTA 1.5%', ' 5', '135515', 'D', 'D', '', ''),
('13551512', '', '1', '13', '1355', '135515', '13551512', '13551512', '13551512', '13551512', 'AUTORETEN POR VENTA 2.5%', ' 5', '135515', 'D', 'D', '', ''),
('135516', '', '1', '13', '1355', '135516', '135516', '135516', '135516', '135516', 'AUTORETENCIONES', ' 4', '1355', 'T', 'D', '', ''),
('13551605', '', '1', '13', '1355', '135516', '13551605', '13551605', '13551605', '13551605', 'Impuesto CREE venta de mercancia', ' 5', '135516', 'D', 'D', '', ''),
('135517', '', '1', '13', '1355', '135517', '135517', '135517', '135517', '135517', 'IMPUESTO A LAS VENTA RETENIDO', ' 4', '1355', 'T', 'D', '', ''),
('13551701', '', '1', '13', '1355', '135517', '13551701', '13551701', '13551701', '13551701', 'Reteiva por ventas', ' 5', '135517', 'D', 'D', '', ''),
('13551702', '', '1', '13', '1355', '135517', '13551702', '13551702', '13551702', '13551702', 'Ventas del 35 %', ' 5', '135517', 'D', 'D', '', ''),
('135518', '', '1', '13', '1355', '135518', '135518', '135518', '135518', '135518', 'Impuesto de Industria y Comercio Retenid', ' 4', '1355', 'D', 'D', '', ''),
('135520', '', '1', '13', '1355', '135520', '135520', '135520', '135520', '135520', 'SOBRANTES EN LIQUIDACION DE IMPUESTOS', ' 4', '1355', 'T', 'D', '', ''),
('13552001', '', '1', '13', '1355', '135520', '13552001', '13552001', '13552001', '13552001', 'Saldo a favor del IVA', ' 5', '135520', 'D', 'D', '', ''),
('13552002', '', '1', '13', '1355', '135520', '13552002', '13552002', '13552002', '13552002', 'Saldo a favor de impuesto de renta', ' 5', '135520', 'D', 'D', '', ''),
('13552003', '', '1', '13', '1355', '135520', '13552003', '13552003', '13552003', '13552003', 'Saldo a favor CREE', ' 5', '135520', 'D', 'D', '13552003', ''),
('135595', '', '1', '13', '1355', '135595', '135595', '135595', '135595', '135595', 'Otros', ' 4', '1355', 'D', 'D', '', ''),
('1360', '', '1', '13', '1360', '1360', '1360', '1360', '1360', '1360', 'RECLAMACIONES', ' 3', '13', 'T', 'D', '', ''),
('136005', '', '1', '13', '1360', '136005', '136005', '136005', '136005', '136005', 'A companias aseguradoras', ' 4', '1360', 'D', 'D', '', ''),
('1365', '', '1', '13', '1365', '1365', '1365', '1365', '1365', '1365', 'CUENTAS POR COBRAR A TRABAJADORES', ' 3', '13', 'T', 'D', '', ''),
('136505', '', '1', '13', '1365', '136505', '136505', '136505', '136505', '136505', 'Vivienda', ' 4', '1365', 'D', 'D', '', ''),
('136510', '', '1', '13', '1365', '136510', '136510', '136510', '136510', '136510', 'Vehiculos', ' 4', '1365', 'D', 'D', '', ''),
('136515', '', '1', '13', '1365', '136515', '136515', '136515', '136515', '136515', 'Educacion', ' 4', '1365', 'D', 'D', '', ''),
('136520', '', '1', '13', '1365', '136520', '136520', '136520', '136520', '136520', 'Medicos, odontologicos y similares', ' 4', '1365', 'D', 'D', '', ''),
('136525', '', '1', '13', '1365', '136525', '136525', '136525', '136525', '136525', 'Calamidad domestica', ' 4', '1365', 'D', 'D', '', ''),
('136530', '', '1', '13', '1365', '136530', '136530', '136530', '136530', '136530', 'Responsabilidades', ' 4', '1365', 'D', 'D', '', ''),
('136540', '', '1', '13', '1365', '136540', '136540', '136540', '136540', '136540', 'Casino', ' 4', '1365', 'D', 'D', '', ''),
('136595', '', '1', '13', '1365', '136595', '136595', '136595', '136595', '136595', 'Otros', ' 4', '1365', 'D', 'D', '', ''),
('1380', '', '1', '13', '1380', '1380', '1380', '1380', '1380', '1380', 'DEUDORES VARIOS', ' 3', '13', 'T', 'D', '', ''),
('138020', '', '1', '13', '1380', '138020', '138020', '138020', '138020', '138020', 'Cuentas por cobrar de terceros', ' 4', '1380', 'D', 'D', '', ''),
('138025', '', '1', '13', '1380', '138025', '138025', '138025', '138025', '138025', 'Pagos por cuenta de terceros', ' 4', '1380', 'D', 'D', '', ''),
('138095', '', '1', '13', '1380', '138095', '138095', '138095', '138095', '138095', 'Otros', ' 4', '1380', 'D', 'D', '', ''),
('1390', '', '1', '13', '1390', '1390', '1390', '1390', '1390', '1390', 'DEUDAS DE DIFICIL COBRO', ' 3', '13', 'T', 'D', '', ''),
('139005', '', '1', '13', '1390', '139005', '139005', '139005', '139005', '139005', 'Clientes Nacionales', ' 4', '1390', 'T', 'D', '', ''),
('13900501', '', '1', '13', '1390', '139005', '13900501', '13900501', '13900501', '13900501', 'Ventas a credito', ' 5', '139005', 'D', 'D', '', ''),
('139030', '', '1', '13', '1390', '139030', '139030', '139030', '139030', '139030', 'Anticipos y Avances', ' 4', '1390', 'D', 'D', '', ''),
('1399', '', '1', '13', '1399', '1399', '1399', '1399', '1399', '1399', 'PROVISIONES', ' 3', '13', 'T', 'C', '', ''),
('139905', '', '1', '13', '1399', '139905', '139905', '139905', '139905', '139905', 'Clientes', ' 4', '1399', 'D', 'C', '', ''),
('139930', '', '1', '13', '1399', '139930', '139930', '139930', '139930', '139930', 'Anticipos y Avances', ' 4', '1399', 'D', 'C', '', ''),
('14', '', '1', '14', '14', '14', '14', '14', '14', '14', 'INVENTARIOS', ' 2', '1', 'T', 'D', '', ''),
('1435', '', '1', '14', '1435', '1435', '1435', '1435', '1435', '1435', 'MERCANCIA NO FABRICADAS POR LA EMPRESA', ' 3', '14', 'T', 'D', '', ''),
('143502', '', '1', '14', '1435', '143502', '143502', '143502', '143502', '143502', 'MERCANCIAS EXCLUIDAS NETAS', ' 4', '1435', 'D', 'D', '', ''),
('143503', '', '1', '14', '1435', '143503', '143503', '143503', '143503', '143503', 'MCIAS GRAVADAS DEL 16%', ' 4', '1435', 'D', 'D', '', ''),
('143504', '', '1', '14', '1435', '143504', '143504', '143504', '143504', '143504', 'MCIAS GRAVADAS DEL 10%', ' 4', '1435', 'D', 'D', '', ''),
('143505', '', '1', '14', '1435', '143505', '143505', '143505', '143505', '143505', 'MCIAS GRAVADAS DEL 5%', ' 4', '1435', 'D', 'D', '143505', ''),
('143510', '', '1', '14', '1435', '143510', '143510', '143510', '143510', '143510', 'MCIAS GRAV DEL 16% COMODATO', ' 4', '1435', 'D', 'D', '', ''),
('143511', '', '1', '14', '1435', '143511', '143511', '143511', '143511', '143511', 'MCIAS EXCLUIDA COMODATO', ' 4', '1435', 'D', 'D', '', ''),
('143590', '', '1', '14', '1435', '143590', '143590', '143590', '143590', '143590', 'SALDOS INICIALES', ' 4', '1435', 'D', 'D', '', ''),
('1465', '', '1', '14', '1465', '1465', '1465', '1465', '1465', '1465', 'INVENTARIOS EN TRANSITO', ' 3', '14', 'T', 'D', '', ''),
('146505', '', '1', '14', '1465', '146505', '146505', '146505', '146505', '146505', 'Mercancia no fabricada por la empresa', ' 4', '1465', 'D', 'D', '', ''),
('1470', '', '1', '14', '1470', '1470', '1470', '1470', '1470', '1470', 'INVENTARIO PARA LA VENTA', ' 3', '14', 'T', 'D', '', ''),
('147005', '', '1', '14', '1470', '147005', '147005', '147005', '147005', '147005', 'INVENTARIO DE ACTIVOS PARA LA VENTA', ' 4', '1470', 'D', 'D', '', ''),
('1499', '', '1', '14', '1499', '1499', '1499', '1499', '1499', '1499', 'PROVISIONES', ' 3', '14', 'T', 'C', '', ''),
('149910', '', '1', '14', '1499', '149910', '149910', '149910', '149910', '149910', 'Para Diferencia de Inventarios', ' 4', '1499', 'D', 'C', '', ''),
('15', '', '1', '15', '15', '15', '15', '15', '15', '15', 'PROPIEDAD, PLANTA Y EQUIPO', ' 2', '1', 'T', 'D', '', ''),
('1504', '', '1', '15', '1504', '1504', '1504', '1504', '1504', '1504', 'TERRENOS', ' 3', '15', 'T', 'D', '', ''),
('150405', '', '1', '15', '1504', '150405', '150405', '150405', '150405', '150405', 'Terrenos urbanos', ' 4', '1504', 'D', 'D', '', ''),
('150499', '', '1', '15', '1504', '150499', '150499', '150499', '150499', '150499', 'Ajuste por inflacion', ' 4', '1504', 'D', 'D', '', ''),
('1516', '', '1', '15', '1516', '1516', '1516', '1516', '1516', '1516', 'CONSTRUCCIONES Y EDIFICACIONES', ' 3', '15', 'T', 'D', '', ''),
('151680', '', '1', '15', '1516', '151680', '151680', '151680', '151680', '151680', 'Bodega', ' 4', '1516', 'D', 'D', '', ''),
('151699', '', '1', '15', '1516', '151699', '151699', '151699', '151699', '151699', 'Ajuste por inflacion', ' 4', '1516', 'D', 'D', '', ''),
('1520', '', '1', '15', '1520', '1520', '1520', '1520', '1520', '1520', 'Maquinaria y equipo', ' 3', '15', 'T', 'D', '', ''),
('152005', '', '1', '15', '1520', '152005', '152005', '152005', '152005', '152005', 'Maquinaria y equipo', ' 4', '1520', 'D', 'D', '', ''),
('152099', '', '1', '15', '1520', '152099', '152099', '152099', '152099', '152099', 'Ajuste por inflacion', ' 4', '1520', 'D', 'D', '', ''),
('1524', '', '1', '15', '1524', '1524', '1524', '1524', '1524', '1524', 'EQUIPO DE OFICINA', ' 3', '15', 'T', 'D', '', ''),
('152405', '', '1', '15', '1524', '152405', '152405', '152405', '152405', '152405', 'Muebles y enseres', ' 4', '1524', 'D', 'D', '', ''),
('152410', '', '1', '15', '1524', '152410', '152410', '152410', '152410', '152410', 'Equipo electronico', ' 4', '1524', 'D', 'D', '', ''),
('152499', '', '1', '15', '1524', '152499', '152499', '152499', '152499', '152499', 'Ajuste por inflacion', ' 4', '1524', 'D', 'D', '', ''),
('1528', '', '1', '15', '1528', '1528', '1528', '1528', '1528', '1528', 'EQUIPO DE COMPUTACION Y COMUNICACION', ' 3', '15', 'T', 'D', '', ''),
('152805', '', '1', '15', '1528', '152805', '152805', '152805', '152805', '152805', 'Equipo de procesamiento de datos', ' 4', '1528', 'D', 'D', '', ''),
('152810', '', '1', '15', '1528', '152810', '152810', '152810', '152810', '152810', 'Equipo de telecomunicaciones', ' 4', '1528', 'D', 'D', '', ''),
('152899', '', '1', '15', '1528', '152899', '152899', '152899', '152899', '152899', 'Ajustes por inflacion', ' 4', '1528', 'D', 'D', '', ''),
('1540', '', '1', '15', '1540', '1540', '1540', '1540', '1540', '1540', 'FLOTA Y EQUIPO DE TRANSPORTE', ' 3', '15', 'T', 'D', '', ''),
('154005', '', '1', '15', '1540', '154005', '154005', '154005', '154005', '154005', 'Autos, camionetas y Camperos', ' 4', '1540', 'D', 'D', '', ''),
('154008', '', '1', '15', '1540', '154008', '154008', '154008', '154008', '154008', 'Camiones y Furgones', ' 4', '1540', 'D', 'D', '', ''),
('154099', '', '1', '15', '1540', '154099', '154099', '154099', '154099', '154099', 'Ajustes por inflacion', ' 4', '1540', 'D', 'D', '', ''),
('1592', '', '1', '15', '1592', '1592', '1592', '1592', '1592', '1592', 'DEPRECIACION ACUMULADA', ' 3', '15', 'T', 'C', '', ''),
('159205', '', '1', '15', '1592', '159205', '159205', '159205', '159205', '159205', 'Construcciones y Edificaciones', ' 4', '1592', 'D', 'C', '', ''),
('159210', '', '1', '15', '1592', '159210', '159210', '159210', '159210', '159210', 'Maquinaria y Equipo', ' 4', '1592', 'D', 'C', '', ''),
('159215', '', '1', '15', '1592', '159215', '159215', '159215', '159215', '159215', 'Equipo de Oficina', ' 4', '1592', 'D', 'C', '', ''),
('159220', '', '1', '15', '1592', '159220', '159220', '159220', '159220', '159220', 'Equipo de Computacion y Comunicacion', ' 4', '1592', 'D', 'C', '', ''),
('159235', '', '1', '15', '1592', '159235', '159235', '159235', '159235', '159235', 'Flota y equipo de Trasnporte', ' 4', '1592', 'D', 'C', '', ''),
('159299', '', '1', '15', '1592', '159299', '159299', '159299', '159299', '159299', 'AJUSTE POR INFLACION', ' 4', '1592', 'T', 'C', '', ''),
('15929905', '', '1', '15', '1592', '159299', '15929905', '15929905', '15929905', '15929905', 'Construcciones y Edificaciones', ' 5', '159299', 'D', 'C', '', ''),
('15929910', '', '1', '15', '1592', '159299', '15929910', '15929910', '15929910', '15929910', 'Maquinaria y Equipo', ' 5', '159299', 'D', 'C', '', ''),
('15929915', '', '1', '15', '1592', '159299', '15929915', '15929915', '15929915', '15929915', 'Equipo de Oficina', ' 5', '159299', 'D', 'C', '', ''),
('15929920', '', '1', '15', '1592', '159299', '15929920', '15929920', '15929920', '15929920', 'Equipo de Computacion', ' 5', '159299', 'D', 'C', '', ''),
('15929935', '', '1', '15', '1592', '159299', '15929935', '15929935', '15929935', '15929935', 'Flota y equipo de Transporte', ' 5', '159299', 'D', 'C', '', ''),
('16', '', '1', '16', '16', '16', '16', '16', '16', '16', 'INTANGIBLES', ' 2', '1', 'T', 'D', '16', ''),
('1610', '', '1', '16', '1610', '1610', '1610', '1610', '1610', '1610', 'MARCAS', ' 3', '16', 'T', 'D', '1610', ''),
('161005', '', '1', '16', '1610', '161005', '161005', '161005', '161005', '161005', 'ADQUIRIDAS', ' 4', '1610', 'D', 'D', '161005', ''),
('161010', '', '1', '16', '1610', '161010', '161010', '161010', '161010', '161010', 'FORMADAS', ' 4', '1610', 'D', 'D', '161010', ''),
('17', '', '1', '17', '17', '17', '17', '17', '17', '17', 'OTROS ACTIVOS', ' 2', '1', 'T', 'D', '', ''),
('1705', '', '1', '17', '1705', '1705', '1705', '1705', '1705', '1705', 'GASTOS PAGADOS POR ANTICIPADO', ' 3', '17', 'T', 'D', '', ''),
('170505', '', '1', '17', '1705', '170505', '170505', '170505', '170505', '170505', 'Intereses', ' 4', '1705', 'D', 'D', '', ''),
('170520', '', '1', '17', '1705', '170520', '170520', '170520', '170520', '170520', 'Seguros', ' 4', '1705', 'D', 'D', '', ''),
('170525', '', '1', '17', '1705', '170525', '170525', '170525', '170525', '170525', 'Arrendamientos', ' 4', '1705', 'D', 'D', '', ''),
('170540', '', '1', '17', '1705', '170540', '170540', '170540', '170540', '170540', 'Servicios', ' 4', '1705', 'D', 'D', '', ''),
('170595', '', '1', '17', '1705', '170595', '170595', '170595', '170595', '170595', 'Otros', ' 4', '1705', 'D', 'D', '', ''),
('1710', '', '1', '17', '1710', '1710', '1710', '1710', '1710', '1710', 'CARGOS DIFERIDOS', ' 3', '17', 'T', 'D', '', ''),
('171004', '', '1', '17', '1710', '171004', '171004', '171004', '171004', '171004', 'Organizacion y preoperativos', ' 4', '1710', 'D', 'D', '', ''),
('171016', '', '1', '17', '1710', '171016', '171016', '171016', '171016', '171016', 'Programas de computacion', ' 4', '1710', 'D', 'D', '', ''),
('171020', '', '1', '17', '1710', '171020', '171020', '171020', '171020', '171020', 'Utiles y papeleria', ' 4', '1710', 'D', 'D', '', ''),
('171024', '', '1', '17', '1710', '171024', '171024', '171024', '171024', '171024', 'Mejoras a propiedades ajenas', ' 4', '1710', 'D', 'D', '', ''),
('171076', '', '1', '17', '1710', '171076', '171076', '171076', '171076', '171076', 'Impuesto de Renta Diferido  Debito', ' 4', '1710', 'D', 'D', '', ''),
('171095', '', '1', '17', '1710', '171095', '171095', '171095', '171095', '171095', 'Otros', ' 4', '1710', 'D', 'D', '', ''),
('2', '', '2', '2', '2', '2', '2', '2', '2', '2', 'PASIVO', ' 1', '', 'T', 'C', '', ''),
('21', '', '2', '21', '21', '21', '21', '21', '21', '21', 'OBLIGACIONES FINANCIERAS', ' 2', '2', 'T', 'C', '', ''),
('2105', '', '2', '21', '2105', '2105', '2105', '2105', '2105', '2105', 'BANCOS NACIONALES', ' 3', '21', 'T', 'C', '', ''),
('210505', '', '2', '21', '2105', '210505', '210505', '210505', '210505', '210505', 'SOBREGIRO BANCARIO', ' 4', '2105', 'D', 'C', '', ''),
('210510', '', '2', '21', '2105', '210510', '210510', '210510', '210510', '210510', 'PAGARES', ' 4', '2105', 'D', 'C', '', ''),
('21051003', '', '2', '21', '2105', '21051003', '21051003', '21051003', '21051003', '21051003', 'BANCO DE OCCIDENTE', ' 4', '2105', 'D', 'C', '', ''),
('21051004', '', '2', '21', '2105', '21051004', '21051004', '21051004', '21051004', '21051004', 'BANCO DE COLOMBIA', ' 4', '2105', 'D', 'C', '', ''),
('21051005', '', '2', '21', '2105', '21051005', '21051005', '21051005', '21051005', '21051005', 'BANCO DAVIVIENDA', ' 4', '2105', 'D', 'C', '', ''),
('210525', '', '2', '21', '2105', '210525', '210525', '210525', '210525', '210525', 'CREDITOS VIRTUALES', ' 4', '2105', 'D', 'C', '', ''),
('2110', '', '2', '21', '2110', '2110', '2110', '2110', '2110', '2110', 'BANCOS DEL EXTERIOR', ' 3', '21', 'T', 'C', '', ''),
('211010', '', '2', '21', '2110', '211010', '211010', '211010', '211010', '211010', 'PAGARES', ' 4', '2110', 'D', 'C', '', ''),
('2195', '', '2', '21', '2195', '2195', '2195', '2195', '2195', '2195', 'OTRAS OBLIGACIONES', ' 3', '21', 'T', 'C', '', ''),
('219505', '', '2', '21', '2195', '219505', '219505', '219505', '219505', '219505', 'Particulares', ' 4', '2195', 'D', 'C', '', ''),
('219520', '', '2', '21', '2195', '219520', '219520', '219520', '219520', '219520', 'Socios o Accionistas', ' 4', '2195', 'D', 'C', '', ''),
('22', '', '2', '22', '22', '22', '22', '22', '22', '22', 'PROVEEDORES', ' 2', '2', 'T', 'C', '', ''),
('2205', '', '2', '22', '2205', '2205', '2205', '2205', '2205', '2205', 'NACIONALES', ' 3', '22', 'T', 'C', '', ''),
('220505', '', '2', '22', '2205', '220505', '220505', '220505', '220505', '220505', 'Nacionales', ' 4', '2205', 'D', 'C', '', ''),
('220595', '', '2', '22', '2205', '220595', '220595', '220595', '220595', '220595', 'COMPRAS POR LEGALIZAR', ' 4', '2205', 'D', 'C', '', ''),
('23', '', '2', '23', '23', '23', '23', '23', '23', '23', 'CUENTAS POR PAGAR', ' 2', '2', 'T', 'C', '', ''),
('2335', '', '2', '23', '2335', '2335', '2335', '2335', '2335', '2335', 'COSTOS Y GASTOS POR PAGAR', ' 3', '23', 'T', 'C', '', ''),
('233505', '', '2', '23', '2335', '233505', '233505', '233505', '233505', '233505', 'Gastos financieros', ' 4', '2335', 'D', 'C', '', ''),
('233510', '', '2', '23', '2335', '233510', '233510', '233510', '233510', '233510', 'Gastos Legales', ' 4', '2335', 'D', 'C', '', ''),
('233515', '', '2', '23', '2335', '233515', '233515', '233515', '233515', '233515', 'Libros, Suscripciones, periodicos y rev.', ' 4', '2335', 'D', 'C', '', ''),
('233517', '', '2', '23', '2335', '233517', '233517', '233517', '233517', '233517', 'Utiles, papaleria y fotocopias', ' 4', '2335', 'D', 'C', '', ''),
('233525', '', '2', '23', '2335', '233525', '233525', '233525', '233525', '233525', 'Honorarios', ' 4', '2335', 'D', 'C', '', ''),
('233530', '', '2', '23', '2335', '233530', '233530', '233530', '233530', '233530', 'Servicios Tecnicos', ' 4', '2335', 'D', 'C', '', ''),
('233535', '', '2', '23', '2335', '233535', '233535', '233535', '233535', '233535', 'Servicio de mantenimiento', ' 4', '2335', 'D', 'C', '', ''),
('233540', '', '2', '23', '2335', '233540', '233540', '233540', '233540', '233540', 'Arrendamientos', ' 4', '2335', 'D', 'C', '', ''),
('233545', '', '2', '23', '2335', '233545', '233545', '233545', '233545', '233545', 'Transportes, fletes y acarreos', ' 4', '2335', 'D', 'C', '', ''),
('233550', '', '2', '23', '2335', '233550', '233550', '233550', '233550', '233550', 'Servicios Publicos', ' 4', '2335', 'D', 'C', '', ''),
('233552', '', '2', '23', '2335', '233552', '233552', '233552', '233552', '233552', 'Servicio de aseo', ' 4', '2335', 'D', 'C', '', ''),
('233555', '', '2', '23', '2335', '233555', '233555', '233555', '233555', '233555', 'Seguros', ' 4', '2335', 'D', 'C', '', ''),
('233560', '', '2', '23', '2335', '233560', '233560', '233560', '233560', '233560', 'Gastos de viaje', ' 4', '2335', 'D', 'C', '', ''),
('233575', '', '2', '23', '2335', '233575', '233575', '233575', '233575', '233575', 'Incentivos', ' 4', '2335', 'D', 'C', '', ''),
('233595', '', '2', '23', '2335', '233595', '233595', '233595', '233595', '233595', 'Otros', ' 4', '2335', 'D', 'C', '', ''),
('2355', '', '2', '23', '2355', '2355', '2355', '2355', '2355', '2355', 'DEUDAS CON ACCIONISTAS O SOCIOS', ' 3', '23', 'T', 'C', '', ''),
('235510', '', '2', '23', '2355', '235510', '235510', '235510', '235510', '235510', 'Socios', ' 4', '2355', 'D', 'C', '', ''),
('2365', '', '2', '23', '2365', '2365', '2365', '2365', '2365', '2365', 'RETENCION EN LA FUENTE POR PAGAR', ' 3', '23', 'T', 'C', '', ''),
('236505', '', '2', '23', '2365', '236505', '236505', '236505', '236505', '236505', 'Salarios y pagos laborales', ' 4', '2365', 'D', 'C', '', ''),
('236515', '', '2', '23', '2365', '236515', '236515', '236515', '236515', '236515', 'Honorarios', ' 4', '2365', 'D', 'C', '', ''),
('236520', '', '2', '23', '2365', '236520', '236520', '236520', '236520', '236520', 'Comisiones', ' 4', '2365', 'D', 'C', '', ''),
('236525', '', '2', '23', '2365', '236525', '236525', '236525', '236525', '236525', 'SERVICIOS', ' 4', '2365', 'D', 'C', '', ''),
('236530', '', '2', '23', '2365', '236530', '236530', '236530', '236530', '236530', 'Arrendamientos de Bienes Inmuebles', ' 4', '2365', 'D', 'C', '', ''),
('236535', '', '2', '23', '2365', '236535', '236535', '236535', '236535', '236535', 'Rendimientos financieros', ' 4', '2365', 'D', 'C', '', ''),
('236540', '', '2', '23', '2365', '236540', '236540', '236540', '236540', '236540', 'COMPRAS', ' 4', '2365', 'D', 'C', '', ''),
('236541', '', '2', '23', '2365', '236541', '236541', '236541', '236541', '236541', 'COMPRAS 1.5 %', ' 4', '2365', 'D', 'C', '', ''),
('236542', '', '2', '23', '2365', '236542', '236542', '236542', '236542', '236542', 'COMPRAS 2.5 %', ' 4', '2365', 'D', 'C', '', ''),
('236575', '', '2', '23', '2365', '236575', '236575', '236575', '236575', '236575', 'AUTORETENCIONES', ' 4', '2365', 'D', 'C', '', ''),
('236576', '', '2', '23', '2365', '236576', '236576', '236576', '236576', '236576', 'AUTORETENCIONES DEL 1.5%', ' 4', '2365', 'D', 'C', '', ''),
('236577', '', '2', '23', '2365', '236577', '236577', '236577', '236577', '236577', 'AUTORETENCIONES DEL 2.5%', ' 4', '2365', 'D', 'C', '', ''),
('236580', '', '2', '23', '2365', '236580', '236580', '236580', '236580', '236580', 'IMPUESTO SOBRE LA RENTA EQUIDAD CREE', ' 4', '2365', 'T', 'C', '', ''),
('23658001', '', '2', '23', '2365', '236580', '23658001', '23658001', '23658001', '23658001', 'Impuesto CREE por compras', ' 5', '236580', 'D', 'C', '', ''),
('23658005', '', '2', '23', '2365', '236580', '23658005', '23658005', '23658005', '23658005', 'Impuesto CREE servicios', ' 5', '236580', 'D', 'C', '', ''),
('23658010', '', '2', '23', '2365', '236580', '23658010', '23658010', '23658010', '23658010', 'Impuesto CREE por ventas autoretencion', ' 5', '236580', 'D', 'C', '', ''),
('23658015', '', '2', '23', '2365', '23658015', '23658015', '23658015', '23658015', '23658015', 'PAGO DE RETENCION CREE', ' 4', '2365', 'D', 'D', '23658015', ''),
('2367', '', '2', '23', '2367', '2367', '2367', '2367', '2367', '2367', 'IMPUESTO A LAS VENTAS RETENIDO', ' 3', '23', 'T', 'C', '', ''),
('236710', '', '2', '23', '2367', '236710', '236710', '236710', '236710', '236710', 'Retencion Regimen Simplificado', ' 4', '2367', 'D', 'C', '', ''),
('236715', '', '2', '23', '2367', '236715', '236715', '236715', '236715', '236715', 'Retencion de IVA 50%', ' 4', '2367', 'D', 'C', '', ''),
('2368', '', '2', '23', '2368', '2368', '2368', '2368', '2368', '2368', 'INDUSTRIA Y COMERCIO POR PAGAR', ' 3', '23', 'T', 'C', '', ''),
('236805', '', '2', '23', '2368', '236805', '236805', '236805', '236805', '236805', 'Retencion de Indus y Comercio', ' 4', '2368', 'D', 'C', '', ''),
('23680501', '', '2', '23', '2368', '23680501', '23680501', '23680501', '23680501', '23680501', 'Rete ICA por Serv.Flete 10/oo', ' 4', '2368', 'D', 'C', '', ''),
('23680502', '', '2', '23', '2368', '23680502', '23680502', '23680502', '23680502', '23680502', 'Rete ICA Servicio Restaurante 8/oo', ' 4', '2368', 'D', 'C', '', ''),
('23680503', '', '2', '23', '2368', '23680503', '23680503', '23680503', '23680503', '23680503', 'Otros Servicios  10/oo', ' 4', '2368', 'D', 'C', '', ''),
('23680504', '', '2', '23', '2368', '23680504', '23680504', '23680504', '23680504', '23680504', 'Compra de Combustible 10/oo', ' 4', '2368', 'D', 'C', '', ''),
('2370', '', '2', '23', '2370', '2370', '2370', '2370', '2370', '2370', 'RETENCIONES Y APORTES DE NOMINA', ' 3', '23', 'T', 'C', '', ''),
('237005', '', '2', '23', '2370', '237005', '237005', '237005', '237005', '237005', 'Aportes de Salud', ' 4', '2370', 'D', 'C', '', ''),
('237006', '', '2', '23', '2370', '237006', '237006', '237006', '237006', '237006', 'Aportes administradoras de riesgo profes', ' 4', '2370', 'D', 'C', '', ''),
('237010', '', '2', '23', '2370', '237010', '237010', '237010', '237010', '237010', 'Aportes a Caja, ICBF y Sena', ' 4', '2370', 'D', 'C', '', ''),
('2380', '', '2', '23', '2380', '2380', '2380', '2380', '2380', '2380', 'ACREEDORES VARIOS', ' 3', '23', 'T', 'C', '', ''),
('238030', '', '2', '23', '2380', '238030', '238030', '238030', '238030', '238030', 'FONDOS DE PENSIONES Y CESANTIAS', ' 4', '2380', 'T', 'C', '', ''),
('23803005', '', '2', '23', '2380', '238030', '23803005', '23803005', '23803005', '23803005', 'FONDOS DE PENSIONES', ' 5', '238030', 'D', 'C', '', ''),
('23803010', '', '2', '23', '2380', '238030', '23803010', '23803010', '23803010', '23803010', 'FONDOS DE CESANTIAS', ' 5', '238030', 'D', 'C', '', ''),
('238095', '', '2', '23', '2380', '238095', '238095', '238095', '238095', '238095', 'OTROS', ' 4', '2380', 'D', 'C', '', ''),
('24', '', '2', '24', '24', '24', '24', '24', '24', '24', 'IMPUESTOS, CONTRIBUCCIONES POR PAGAR', ' 2', '2', 'T', 'C', '', ''),
('2404', '', '2', '24', '2404', '2404', '2404', '2404', '2404', '2404', 'DE RENTA Y COMPLEMENTARIOS', ' 3', '24', 'T', 'C', '', ''),
('240405', '', '2', '24', '2404', '240405', '240405', '240405', '240405', '240405', 'Vigencia fiscal corriente', ' 4', '2404', 'D', 'C', '', ''),
('240410', '', '2', '24', '2404', '240410', '240410', '240410', '240410', '240410', 'Impuesto de renta CREE', ' 4', '2404', 'D', 'C', '240410', ''),
('2408', '', '2', '24', '2408', '2408', '2408', '2408', '2408', '2408', 'IMPUESTO SOBRE LAS VENTAS POR PAGAR', ' 3', '24', 'T', 'C', '', ''),
('240805', '', '2', '24', '2408', '240805', '240805', '240805', '240805', '240805', 'IMPUESTO GENERADO POR VENTAS', ' 4', '2408', 'D', 'C', '', ''),
('240806', '', '2', '24', '2408', '240806', '240806', '240806', '240806', '240806', 'IMPUESTO GENERADO COMODATOS', ' 4', '2408', 'D', 'C', '', ''),
('240810', '', '2', '24', '2408', '240810', '240810', '240810', '240810', '240810', 'IVA DEVOLUCIONES EN COMPRAS', ' 4', '2408', 'D', 'C', '', ''),
('240811', '', '2', '24', '2408', '240811', '240811', '240811', '240811', '240811', 'IVA DEV EN COMPRAS COMODATO', ' 4', '2408', 'D', 'C', '', ''),
('240815', '', '2', '24', '2408', '240815', '240815', '240815', '240815', '240815', 'IVA DESCONTABLE POR COMPRAS', ' 4', '2408', 'D', 'D', '', ''),
('240816', '', '2', '24', '2408', '240816', '240816', '240816', '240816', '240816', 'IVA DESC POR COMP COMODATO', ' 4', '2408', 'D', 'D', '', ''),
('240820', '', '2', '24', '2408', '240820', '240820', '240820', '240820', '240820', 'IVA POR DEVOLUCIONES EN VENTAS', ' 4', '2408', 'D', 'D', '', ''),
('240821', '', '2', '24', '2408', '240821', '240821', '240821', '240821', '240821', 'IVA POR DEV EN VENTA COMODATOS', ' 4', '2408', 'D', 'D', '', ''),
('240825', '', '2', '24', '2408', '240825', '240825', '240825', '240825', '240825', 'IVA RETENIDO', ' 4', '2408', 'D', 'D', '', ''),
('240830', '', '2', '24', '2408', '240830', '240830', '240830', '240830', '240830', 'IVA POR GASTOS GENERALES', ' 4', '2408', 'D', 'D', '', ''),
('240835', '', '2', '24', '2408', '240835', '240835', '240835', '240835', '240835', 'PAGOS DEL IVA', ' 4', '2408', 'T', 'D', '', ''),
('24083501', '', '2', '24', '2408', '240835', '24083501', '24083501', '24083501', '24083501', 'IVA pagado del periodo', ' 5', '240835', 'D', 'D', '', ''),
('24083502', '', '2', '24', '2408', '240835', '24083502', '24083502', '24083502', '24083502', 'IVA por pagar del periodo', ' 5', '240835', 'D', 'C', '', ''),
('2436', '', '2', '24', '2436', '2436', '2436', '2436', '2436', '2436', 'IMPUESTO PARA LA EQUIDAD CREE', ' 3', '24', 'T', 'C', '', ''),
('243629', '', '2', '24', '2436', '243629', '243629', '243629', '243629', '243629', 'Retencion impuesto renta equidad CREE', ' 4', '2436', 'D', 'C', '', ''),
('2495', '', '2', '24', '2495', '2495', '2495', '2495', '2495', '2495', 'OTROS', ' 3', '24', 'T', 'C', '', ''),
('249501', '', '2', '24', '2495', '249501', '249501', '249501', '249501', '249501', 'Impuesto para preservar la seguridad', ' 4', '2495', 'D', 'C', '', ''),
('249502', '', '2', '24', '2495', '249502', '249502', '249502', '249502', '249502', 'IMPUESTO AL PATRIMONIO POR PAGAR', ' 4', '2495', 'D', 'C', '249502', ''),
('249503', '', '2', '24', '2495', '249503', '249503', '249503', '249503', '249503', 'IMPUESTO A LA RIQUESA POR PAGAR', ' 4', '2495', 'D', 'C', '249503', ''),
('25', '', '2', '25', '25', '25', '25', '25', '25', '25', 'OBLIGACIONES LABORALES', ' 2', '2', 'T', 'C', '', ''),
('2505', '', '2', '25', '2505', '2505', '2505', '2505', '2505', '2505', 'SALARIOS POR PAGAR', ' 3', '25', 'T', 'C', '', ''),
('250510', '', '2', '25', '2505', '250510', '250510', '250510', '250510', '250510', 'Sueldos', ' 4', '2505', 'D', 'C', '', ''),
('2510', '', '2', '25', '2510', '2510', '2510', '2510', '2510', '2510', 'CESANTIAS CONSOLIDADAS', ' 3', '25', 'T', 'C', '', ''),
('251010', '', '2', '25', '2510', '251010', '251010', '251010', '251010', '251010', 'Ley 50 de 1990 y normas posteriores', ' 4', '2510', 'D', 'C', '', ''),
('2515', '', '2', '25', '2515', '2515', '2515', '2515', '2515', '2515', 'INTERESES SOBRE LAS CESANTIAS', ' 3', '25', 'T', 'C', '', ''),
('251505', '', '2', '25', '2515', '251505', '251505', '251505', '251505', '251505', 'Intereses sobre las cesantias', ' 4', '2515', 'D', 'C', '', ''),
('2520', '', '2', '25', '2520', '2520', '2520', '2520', '2520', '2520', 'PRIMA DE SERVICIOS', ' 3', '25', 'T', 'C', '', ''),
('252005', '', '2', '25', '2520', '252005', '252005', '252005', '252005', '252005', 'PRIMA DE SERVICIOS', ' 4', '2520', 'D', 'C', '', ''),
('2525', '', '2', '25', '2525', '2525', '2525', '2525', '2525', '2525', 'VACACIONES CONSOLIDADAS', ' 3', '25', 'T', 'C', '', ''),
('252505', '', '2', '25', '2525', '252505', '252505', '252505', '252505', '252505', 'Vacaciones consolidadas', ' 4', '2525', 'D', 'C', '', ''),
('26', '', '2', '26', '26', '26', '26', '26', '26', '26', 'PROVISIONES', ' 2', '2', 'T', 'C', '', ''),
('2610', '', '2', '26', '2610', '2610', '2610', '2610', '2610', '2610', 'PARA OBLIGACIONES LABORALES', ' 3', '26', 'T', 'C', '', ''),
('261005', '', '2', '26', '2610', '261005', '261005', '261005', '261005', '261005', 'Cesantias', ' 4', '2610', 'D', 'C', '', ''),
('261010', '', '2', '26', '2610', '261010', '261010', '261010', '261010', '261010', 'Intereses sobre las cesantias', ' 4', '2610', 'D', 'C', '', ''),
('261015', '', '2', '26', '2610', '261015', '261015', '261015', '261015', '261015', 'Vacaciones', ' 4', '2610', 'D', 'C', '', ''),
('261020', '', '2', '26', '2610', '261020', '261020', '261020', '261020', '261020', 'Prima de servicios', ' 4', '2610', 'D', 'C', '', ''),
('261025', '', '2', '26', '2610', '261025', '261025', '261025', '261025', '261025', 'Prestaciones extralegales', ' 4', '2610', 'T', 'C', '', ''),
('26102505', '', '2', '26', '2610', '261025', '26102505', '26102505', '26102505', '26102505', 'Prima extralegal por rendimiento', ' 5', '261025', 'D', 'C', '26102505', ''),
('261095', '', '2', '26', '2610', '261095', '261095', '261095', '261095', '261095', 'OTROS (CUENTA PUENTE SEGURIDAD SOCIAL)', ' 4', '2610', 'T', 'C', '', ''),
('26109501', '', '2', '26', '2610', '261095', '26109501', '26109501', '26109501', '26109501', 'APORTES SALUD EMPLEADO', ' 5', '261095', 'D', 'C', '', ''),
('26109502', '', '2', '26', '2610', '261095', '26109502', '26109502', '26109502', '26109502', 'APORTES PENSION EMPLEADO', ' 5', '261095', 'D', 'C', '', ''),
('26109503', '', '2', '26', '2610', '261095', '26109503', '26109503', '26109503', '26109503', 'FONDO DE SOLIDARIDAD', ' 5', '261095', 'D', 'C', '', ''),
('2615', '', '2', '26', '2615', '2615', '2615', '2615', '2615', '2615', 'PARA OBLIGACIONES FISCALES', ' 3', '26', 'T', 'C', '', ''),
('261505', '', '2', '26', '2615', '261505', '261505', '261505', '261505', '261505', 'De renta y complementarios', ' 4', '2615', 'D', 'C', '', ''),
('261510', '', '2', '26', '2615', '261510', '261510', '261510', '261510', '261510', 'Impto para equidad CREE', ' 4', '2615', 'D', 'C', '', ''),
('28', '', '2', '28', '28', '28', '28', '28', '28', '28', 'OTROS PASIVOS', ' 2', '2', 'T', 'C', '', ''),
('2805', '', '2', '28', '2805', '2805', '2805', '2805', '2805', '2805', 'ANTICIPO CIENTES', ' 3', '28', 'T', 'C', '', ''),
('280505', '', '2', '28', '2805', '280505', '280505', '280505', '280505', '280505', 'ANTCIPO CLIENTES', ' 4', '2805', 'D', 'C', '', ''),
('2815', '', '2', '28', '2815', '2815', '2815', '2815', '2815', '2815', 'INGRESOS RECIBIDOS PARA TERCEROS', ' 3', '28', 'T', 'C', '', ''),
('281505', '', '2', '28', '2815', '281505', '281505', '281505', '281505', '281505', 'Valores Recibidos Para Terceros', ' 4', '2815', 'D', 'C', '', ''),
('281510', '', '2', '28', '2815', '281510', '281510', '281510', '281510', '281510', 'Otros Valores Recibidos para terceros', ' 4', '2815', 'D', 'C', '', ''),
('281515', '', '2', '28', '2815', '281515', '281515', '281515', '281515', '281515', 'Averias', ' 4', '2815', 'D', 'C', '', ''),
('281520', '', '2', '28', '2815', '281520', '281520', '281520', '281520', '281520', 'Dineros de vendedores por clientes moros', ' 4', '2815', 'D', 'C', '281520', ''),
('3', '', '3', '3', '3', '3', '3', '3', '3', '3', 'PATRIMONIO', ' 1', '', 'T', 'C', '', ''),
('31', '', '3', '31', '31', '31', '31', '31', '31', '31', 'CAPITAL SOCIAL', ' 2', '3', 'T', 'C', '', ''),
('3115', '', '3', '31', '3115', '3115', '3115', '3115', '3115', '3115', 'APORTES SOCIALES', ' 3', '31', 'T', 'C', '', ''),
('311505', '', '3', '31', '3115', '311505', '311505', '311505', '311505', '311505', 'Cuotas o aportes de interes social', ' 4', '3115', 'D', 'C', '', ''),
('33', '', '3', '33', '33', '33', '33', '33', '33', '33', 'RESERVAS', ' 2', '3', 'T', 'C', '', ''),
('3305', '', '3', '33', '3305', '3305', '3305', '3305', '3305', '3305', 'RESERVAS OBLIGATORIAS', ' 3', '33', 'T', 'C', '', ''),
('330505', '', '3', '33', '3305', '330505', '330505', '330505', '330505', '330505', 'Reserva legal', ' 4', '3305', 'D', 'C', '', ''),
('34', '', '3', '34', '34', '34', '34', '34', '34', '34', 'REVALORIZACION DEL PATRIMONIO', ' 2', '3', 'T', 'C', '', ''),
('3405', '', '3', '34', '3405', '3405', '3405', '3405', '3405', '3405', 'AJUSTE POR INFLACION', ' 3', '34', 'T', 'C', '', ''),
('340505', '', '3', '34', '3405', '340505', '340505', '340505', '340505', '340505', 'Del Capital social', ' 4', '3405', 'D', 'C', '', ''),
('340515', '', '3', '34', '3405', '340515', '340515', '340515', '340515', '340515', 'De las reservas obligatorias', ' 4', '3405', 'D', 'C', '', ''),
('340520', '', '3', '34', '3405', '340520', '340520', '340520', '340520', '340520', 'De las utilidades acumuladas', ' 4', '3405', 'D', 'C', '', ''),
('340525', '', '3', '34', '3405', '340525', '340525', '340525', '340525', '340525', 'De las Perdidas de Ejercicios Anteriores', ' 4', '3405', 'D', 'D', '', ''),
('340530', '', '3', '34', '3405', '340530', '340530', '340530', '340530', '340530', 'IMPUESTO PAGADO SOBRE EL PATRIMONIO', ' 4', '3405', 'D', 'D', '340530', ''),
('340535', '', '3', '34', '3405', '340535', '340535', '340535', '340535', '340535', 'IMPUESTO PAGADO A LA RIQUESA', ' 4', '3405', 'D', 'D', '340535', ''),
('36', '', '3', '36', '36', '36', '36', '36', '36', '36', 'UTILIDADES DEL EJERCICIO', ' 2', '3', 'T', 'C', '', ''),
('3605', '', '3', '36', '3605', '3605', '3605', '3605', '3605', '3605', 'UTILIDADES DEL EJERCICIO', ' 3', '36', 'T', 'C', '', ''),
('360505', '', '3', '36', '3605', '360505', '360505', '360505', '360505', '360505', 'Utilidad del ejercicio historica', ' 4', '3605', 'D', 'C', '', ''),
('360510', '', '3', '36', '3605', '360510', '360510', '360510', '360510', '360510', 'Utilidad por ajustes por inflacion', ' 4', '3605', 'D', 'C', '', ''),
('3610', '', '3', '36', '3610', '3610', '3610', '3610', '3610', '3610', 'PERDIDA DEL EJERCICIO', ' 3', '36', 'T', 'D', '', ''),
('361005', '', '3', '36', '3610', '361005', '361005', '361005', '361005', '361005', 'Perdida del ejercicio historica', ' 4', '3610', 'D', 'D', '', ''),
('361010', '', '3', '36', '3610', '361010', '361010', '361010', '361010', '361010', 'Perdida por los ajustes por inflacion', ' 4', '3610', 'D', 'D', '', ''),
('37', '', '3', '37', '37', '37', '37', '37', '37', '37', 'UTILIDADES ACUMULADAS', ' 2', '3', 'T', 'C', '', ''),
('3705', '', '3', '37', '3705', '3705', '3705', '3705', '3705', '3705', 'UTILIDADES ACUMULADAS POR DISTRIBUIR', ' 3', '37', 'T', 'C', '', ''),
('370505', '', '3', '37', '3705', '370505', '370505', '370505', '370505', '370505', 'Utilidades historicas por distribuir', ' 4', '3705', 'D', 'C', '', ''),
('370510', '', '3', '37', '3705', '370510', '370510', '370510', '370510', '370510', 'Utilidades por ajustes por inflacion', ' 4', '3705', 'D', 'C', '', ''),
('3710', '', '3', '37', '3710', '3710', '3710', '3710', '3710', '3710', 'PERDIDAS ACUMULADAS', ' 3', '37', 'T', 'D', '', ''),
('371005', '', '3', '37', '3710', '371005', '371005', '371005', '371005', '371005', 'Perdidas acumuladas historicas', ' 4', '3710', 'D', 'D', '', ''),
('371010', '', '3', '37', '3710', '371010', '371010', '371010', '371010', '371010', 'Perdidas acumuladas ajustada por inflac', ' 4', '3710', 'D', 'D', '', ''),
('4', '', '4', '4', '4', '4', '4', '4', '4', '4', 'INGRESOS', ' 1', '', 'T', 'C', '', ''),
('41', '', '4', '41', '41', '41', '41', '41', '41', '41', 'INGRESOS OPERACIONALES', ' 2', '4', 'T', 'C', '', ''),
('4135', '', '4', '41', '4135', '4135', '4135', '4135', '4135', '4135', 'COMERCIO AL POR MAYOR Y MENOR', ' 3', '41', 'T', 'C', '', ''),
('413520', '', '4', '41', '4135', '413520', '413520', '413520', '413520', '413520', 'VENTAS DE PROD. EN ALMACENES NO ESPECIAL', ' 4', '4135', 'T', 'C', '', ''),
('41352005', '', '4', '41', '4135', '413520', '41352001', '41352005', '41352005', '41352005', 'Ventas excluidas', ' 6', '41352001', 'D', 'C', '', ''),
('41352006', '', '4', '41', '4135', '413520', '41352002', '41352006', '41352006', '41352006', 'Desct Venta Excluidas', ' 6', '41352002', 'D', 'D', '', ''),
('41352007', '', '4', '41', '4135', '413520', '41352002', '41352007', '41352007', '41352007', 'Dct Ventas Excl Comodato', ' 6', '41352002', 'D', 'D', '', ''),
('41352008', '', '4', '41', '4135', '413520', '41352001', '41352008', '41352008', '41352008', 'Ventas Excls Comodato', ' 6', '41352001', 'D', 'C', '', ''),
('41352010', '', '4', '41', '4135', '413520', '41352001', '41352010', '41352010', '41352010', 'Ventas Grav de 16%', ' 6', '41352001', 'D', 'C', '', ''),
('41352011', '', '4', '41', '4135', '413520', '41352001', '41352011', '41352011', '41352011', 'Ventas Grav 16% Comodato', ' 6', '41352001', 'D', 'C', '', ''),
('41352015', '', '4', '41', '4135', '413520', '41352002', '41352015', '41352015', '41352015', 'Desct en ventas 16%', ' 6', '41352002', 'D', 'D', '', ''),
('41352016', '', '4', '41', '4135', '413520', '41352002', '41352016', '41352016', '41352016', 'Dct Ventas 16% Comodato', ' 6', '41352002', 'D', 'D', '', ''),
('41352018', '', '4', '41', '4135', '413520', '41352001', '41352018', '41352018', '41352018', 'Ventas Grav del 10%', ' 6', '41352001', 'D', 'C', '', ''),
('41352019', '', '4', '41', '4135', '413520', '41352001', '41352019', '41352019', '41352019', 'Ventas Grav del 5%', ' 6', '41352001', 'D', 'C', '41352019', ''),
('41352020', '', '4', '41', '4135', '413520', '41352002', '41352020', '41352020', '41352020', 'Desct Venta  del 10%', ' 6', '41352002', 'D', 'D', '', ''),
('41352021', '', '4', '41', '4135', '413520', '41352002', '41352021', '41352021', '41352021', 'Desct en ventas 5%', ' 6', '41352002', 'D', 'D', '41352021', ''),
('41352055', '', '4', '41', '4135', '413520', '41352050', '41352055', '41352055', '41352055', 'Ventas Excluidas', ' 6', '41352050', 'D', 'C', '', ''),
('41352056', '', '4', '41', '4135', '413520', '41352051', '41352056', '41352056', '41352056', 'Descuento en Ventas Excluidas', ' 6', '41352051', 'D', 'D', '', ''),
('41352060', '', '4', '41', '4135', '413520', '41352050', '41352060', '41352060', '41352060', 'Ventas Grav del 16%', ' 6', '41352050', 'D', 'C', '', ''),
('41352065', '', '4', '41', '4135', '413520', '41352051', '41352065', '41352065', '41352065', 'Desct en ventas 16%', ' 6', '41352051', 'D', 'D', '', ''),
('41352068', '', '4', '41', '4135', '413520', '41352050', '41352068', '41352068', '41352068', 'Ventas Gravadas del 10%', ' 6', '41352050', 'D', 'C', '', ''),
('41352069', '', '4', '41', '4135', '413520', '41352050', '41352069', '41352069', '41352069', 'Ventas Gravadas del 5% contado', ' 6', '41352050', 'D', 'C', '41352069', ''),
('41352070', '', '4', '41', '4135', '413520', '41352051', '41352070', '41352070', '41352070', 'Desct Ventas del 10%', ' 6', '41352051', 'D', 'D', '', ''),
('41352071', '', '4', '41', '4135', '413520', '41352051', '41352071', '41352071', '41352071', 'Descuento en ventas del 5% contado', ' 6', '41352051', 'D', 'D', '41352071', ''),
('4170', '', '4', '41', '4170', '4170', '4170', '4170', '4170', '4170', 'OTRAS ACTIVIDADES DE SERVICIO', ' 3', '41', 'T', 'C', '', ''),
('417065', '', '4', '41', '4170', '417065', '417065', '417065', '417065', '417065', 'Zonas francas', ' 4', '4170', 'D', 'C', '', ''),
('4175', '', '4', '41', '4175', '4175', '4175', '4175', '4175', '4175', 'DEVOLUCIONES EN VENTAS', ' 3', '41', 'T', 'D', '', ''),
('417501', '', '4', '41', '4175', '417501', '417501', '417501', '417501', '417501', 'DEVOLUCIONES EXCLUIDAS', ' 4', '4175', 'T', 'D', '', ''),
('41750105', '', '4', '41', '4175', '417501', '41750105', '41750105', '41750105', '41750105', 'Devoluciones excluidas credito', ' 5', '417501', 'D', 'D', '', ''),
('41750106', '', '4', '41', '4175', '417501', '41750106', '41750106', '41750106', '41750106', 'Devol Excluidas comodato', ' 5', '417501', 'D', 'D', '', ''),
('41750155', '', '4', '41', '4175', '417501', '41750155', '41750155', '41750155', '41750155', 'Devoluciones excluidas contado', ' 5', '417501', 'D', 'D', '', ''),
('417502', '', '4', '41', '4175', '417502', '417502', '417502', '417502', '417502', 'DEVOLUCIONES GRAVADAS', ' 4', '4175', 'T', 'D', '', ''),
('41750210', '', '4', '41', '4175', '417502', '41750210', '41750210', '41750210', '41750210', 'Devol Gravadas 16 %', ' 5', '417502', 'D', 'D', '', ''),
('41750211', '', '4', '41', '4175', '417502', '41750211', '41750211', '41750211', '41750211', 'Dev Grav de 16% Comodato', ' 5', '417502', 'D', 'D', '', ''),
('41750212', '', '4', '41', '4175', '417502', '41750212', '41750212', '41750212', '41750212', 'Devoluciones gravadas 35 %', ' 5', '417502', 'D', 'D', '', '');
INSERT INTO `cuentas_contab` (`CODIGO`, `ID_TIPOCTA`, `ID_CTANIV1`, `ID_CTANIV2`, `ID_CTANIV3`, `ID_CTANIV4`, `ID_CTANIV5`, `ID_CTANIV6`, `ID_CTANIV7`, `ID_CTANIV8`, `DESCRIPCION`, `NIVEL`, `CUENTA_PADRE`, `TIPO`, `NATURALEZA`, `FMTO_EDICION`, `UNIDAD_NEGOCIO`) VALUES
('41750213', '', '4', '41', '4175', '417502', '41750213', '41750213', '41750213', '41750213', 'Devoluciones del 10%', ' 5', '417502', 'D', 'D', '', ''),
('41750214', '', '4', '41', '4175', '417502', '41750214', '41750214', '41750214', '41750214', 'Devoluciones Gravadas del 15%', ' 5', '417502', 'D', 'D', '', ''),
('41750215', '', '4', '41', '4175', '417502', '41750215', '41750215', '41750215', '41750215', 'Devoluciones gravadas con el 7%', ' 5', '417502', 'D', 'D', '', ''),
('41750216', '', '4', '41', '4175', '417502', '41750216', '41750216', '41750216', '41750216', 'Dev Gravadas del 5%', ' 5', '417502', 'D', 'D', '41750216', ''),
('41750250', '', '4', '41', '4175', '41750250', '41750250', '41750250', '41750250', '41750250', 'DEVOLUCIONES GRAVADAS CONTADO', ' 4', '4175', 'T', 'D', '', ''),
('41750251', '', '4', '41', '4175', '41750250', '41750251', '41750251', '41750251', '41750251', 'Dev Gravadas del 16%', ' 5', '41750250', 'D', 'D', '', ''),
('41750252', '', '4', '41', '4175', '41750250', '41750252', '41750252', '41750252', '41750252', 'Devoluciones gravadas 35%', ' 5', '41750250', 'D', 'D', '', ''),
('41750253', '', '4', '41', '4175', '41750250', '41750253', '41750253', '41750253', '41750253', 'Devoluciones gravadas del 10%', ' 5', '41750250', 'D', 'D', '', ''),
('41750254', '', '4', '41', '4175', '41750250', '41750254', '41750254', '41750254', '41750254', 'Devoluciones gravadas del 15%', ' 5', '41750250', 'D', 'D', '', ''),
('41750255', '', '4', '41', '4175', '41750250', '41750255', '41750255', '41750255', '41750255', 'Devolucion gravada del 7%', ' 5', '41750250', 'D', 'D', '', ''),
('41750256', '', '4', '41', '4175', '41750250', '41750256', '41750256', '41750256', '41750256', 'Devoluciones Gravadas del 5% contado', ' 5', '41750250', 'D', 'D', '41750256', ''),
('42', '', '4', '42', '42', '42', '42', '42', '42', '42', 'INGRESOS NO OPERACIONALES', ' 2', '4', 'T', 'C', '', ''),
('4210', '', '4', '42', '4210', '4210', '4210', '4210', '4210', '4210', 'FINANCIEROS', ' 3', '42', 'T', 'C', '', ''),
('421005', '', '4', '42', '4210', '421005', '421005', '421005', '421005', '421005', 'INTERESES', ' 4', '4210', 'T', 'C', '', ''),
('42100505', '', '4', '42', '4210', '421005', '42100505', '42100505', '42100505', '42100505', 'Por prestamos bancarios o financieros', ' 5', '421005', 'D', 'C', '', ''),
('42100510', '', '4', '42', '4210', '421005', '42100510', '42100510', '42100510', '42100510', 'Por prestamos de particulares', ' 5', '421005', 'D', 'C', '', ''),
('42100515', '', '4', '42', '4210', '421005', '42100515', '42100515', '42100515', '42100515', 'De Particulares', ' 5', '421005', 'D', 'C', '', ''),
('42100520', '', '4', '42', '4210', '421005', '42100520', '42100520', '42100520', '42100520', 'De Inversiones Obligatoria', ' 5', '421005', 'D', 'C', '', ''),
('42100525', '', '4', '42', '4210', '421005', '42100525', '42100525', '42100525', '42100525', 'Prestamo a Empleados', ' 5', '421005', 'D', 'C', '', ''),
('421010', '', '4', '42', '4210', '421010', '421010', '421010', '421010', '421010', 'Reajuste monetario - UPAC', ' 4', '4210', 'D', 'C', '', ''),
('421020', '', '4', '42', '4210', '421020', '421020', '421020', '421020', '421020', 'Diferencia en Cambio', ' 4', '4210', 'D', 'C', '', ''),
('421040', '', '4', '42', '4210', '421040', '421040', '421040', '421040', '421040', 'Descuentos comerciales condicionados', ' 4', '4210', 'D', 'C', '', ''),
('421050', '', '4', '42', '4210', '421050', '421050', '421050', '421050', '421050', 'Comisiones cheques de otras plazas', ' 4', '4210', 'D', 'C', '', ''),
('421095', '', '4', '42', '4210', '421095', '421095', '421095', '421095', '421095', 'Otros', ' 4', '4210', 'D', 'C', '', ''),
('4250', '', '4', '42', '4250', '4250', '4250', '4250', '4250', '4250', 'RECUPERACIONES', ' 3', '42', 'T', 'C', '', ''),
('425005', '', '4', '42', '4250', '425005', '425005', '425005', '425005', '425005', 'Deudas malas', ' 4', '4250', 'D', 'C', '', ''),
('425010', '', '4', '42', '4250', '425010', '425010', '425010', '425010', '425010', 'Seguros', ' 4', '4250', 'D', 'C', '', ''),
('425030', '', '4', '42', '4250', '425030', '425030', '425030', '425030', '425030', 'Descuentos concedidos', ' 4', '4250', 'D', 'C', '', ''),
('425050', '', '4', '42', '4250', '425050', '425050', '425050', '425050', '425050', 'Reintegro de otros costos y gastos', ' 4', '4250', 'D', 'C', '', ''),
('4255', '', '4', '42', '4255', '4255', '4255', '4255', '4255', '4255', 'IMDEMNIZACIONES', ' 3', '42', 'T', 'C', '', ''),
('425505', '', '4', '42', '4255', '425505', '425505', '425505', '425505', '425505', 'Por siniestro', ' 4', '4255', 'D', 'C', '', ''),
('425510', '', '4', '42', '4255', '425510', '425510', '425510', '425510', '425510', 'Por suministro', ' 4', '4255', 'D', 'C', '', ''),
('425520', '', '4', '42', '4255', '425520', '425520', '425520', '425520', '425520', 'Dano Emergente Compania de Seguro', ' 4', '4255', 'D', 'C', '', ''),
('425525', '', '4', '42', '4255', '425525', '425525', '425525', '425525', '425525', 'Por perdida de mercancia', ' 4', '4255', 'D', 'C', '', ''),
('425540', '', '4', '42', '4255', '425540', '425540', '425540', '425540', '425540', 'Por incapacidad del ISS', ' 4', '4255', 'D', 'C', '', ''),
('425595', '', '4', '42', '4255', '425595', '425595', '425595', '425595', '425595', 'Otras', ' 4', '4255', 'D', 'C', '', ''),
('4265', '', '4', '42', '4265', '4265', '4265', '4265', '4265', '4265', 'INGRESOS DE EJERCICIOS ANTERIORES', ' 3', '42', 'T', 'C', '', ''),
('426505', '', '4', '42', '4265', '426505', '426505', '426505', '426505', '426505', 'Por venta de mercancia gravada', ' 4', '4265', 'D', 'C', '', ''),
('426510', '', '4', '42', '4265', '426510', '426510', '426510', '426510', '426510', 'Por venta de mercancia excluida', ' 4', '4265', 'D', 'C', '', ''),
('426595', '', '4', '42', '4265', '426595', '426595', '426595', '426595', '426595', 'Otras', ' 4', '4265', 'D', 'C', '', ''),
('4295', '', '4', '42', '4295', '4295', '4295', '4295', '4295', '4295', 'DIVERSOS', ' 3', '42', 'T', 'C', '', ''),
('429505', '', '4', '42', '4295', '429505', '429505', '429505', '429505', '429505', 'Aprovechamientos', ' 4', '4295', 'D', 'C', '', ''),
('429535', '', '4', '42', '4295', '429535', '429535', '429535', '429535', '429535', 'Preavisos descontados', ' 4', '4295', 'D', 'C', '', ''),
('429543', '', '4', '42', '4295', '429543', '429543', '429543', '429543', '429543', 'Premios', ' 4', '4295', 'D', 'C', '', ''),
('429545', '', '4', '42', '4295', '429545', '429545', '429545', '429545', '429545', 'Bonificaciones', ' 4', '4295', 'D', 'C', '', ''),
('429553', '', '4', '42', '4295', '429553', '429553', '429553', '429553', '429553', 'Sobrantes en caja', ' 4', '4295', 'D', 'C', '', ''),
('429581', '', '4', '42', '4295', '429581', '429581', '429581', '429581', '429581', 'Ajuste al peso', ' 4', '4295', 'D', 'C', '', ''),
('5', '', '5', '5', '5', '5', '5', '5', '5', '5', 'GASTOS', ' 1', '', 'T', 'D', '', ''),
('51', '', '5', '51', '51', '51', '51', '51', '51', '51', 'OPERACIONALES DE ADMINISTRACION', ' 2', '5', 'T', 'D', '', ''),
('5105', '', '5', '51', '5105', '5105', '5105', '5105', '5105', '5105', 'GASTOS DEL PERSONAL', ' 3', '51', 'T', 'D', '', ''),
('510503', '', '5', '51', '5105', '510503', '510503', '510503', '510503', '510503', 'Salario integral', ' 4', '5105', 'D', 'D', '', ''),
('510506', '', '5', '51', '5105', '510506', '510506', '510506', '510506', '510506', 'Sueldos', ' 4', '5105', 'D', 'D', '', ''),
('510515', '', '5', '51', '5105', '510515', '510515', '510515', '510515', '510515', 'Horas extras y recargos', ' 4', '5105', 'D', 'D', '', ''),
('510518', '', '5', '51', '5105', '510518', '510518', '510518', '510518', '510518', 'Comisiones', ' 4', '5105', 'D', 'D', '', ''),
('510521', '', '5', '51', '5105', '510521', '510521', '510521', '510521', '510521', 'Viaticos', ' 4', '5105', 'D', 'D', '', ''),
('510524', '', '5', '51', '5105', '510524', '510524', '510524', '510524', '510524', 'Incapacidades', ' 4', '5105', 'D', 'D', '', ''),
('510527', '', '5', '51', '5105', '510527', '510527', '510527', '510527', '510527', 'Auxilio de transporte', ' 4', '5105', 'D', 'D', '', ''),
('510530', '', '5', '51', '5105', '510530', '510530', '510530', '510530', '510530', 'Cesantias', ' 4', '5105', 'D', 'D', '', ''),
('510533', '', '5', '51', '5105', '510533', '510533', '510533', '510533', '510533', 'Intereses sobre cesantias', ' 4', '5105', 'D', 'D', '', ''),
('510536', '', '5', '51', '5105', '510536', '510536', '510536', '510536', '510536', 'Prima de servicios', ' 4', '5105', 'D', 'D', '', ''),
('510539', '', '5', '51', '5105', '510539', '510539', '510539', '510539', '510539', 'Vacaciones', ' 4', '5105', 'D', 'D', '', ''),
('510542', '', '5', '51', '5105', '510542', '510542', '510542', '510542', '510542', 'Prima extralegal', ' 4', '5105', 'D', 'D', '', ''),
('510545', '', '5', '51', '5105', '510545', '510545', '510545', '510545', '510545', 'Auxilios', ' 4', '5105', 'D', 'D', '', ''),
('510548', '', '5', '51', '5105', '510548', '510548', '510548', '510548', '510548', 'Bonificaciones', ' 4', '5105', 'D', 'D', '', ''),
('510551', '', '5', '51', '5105', '510551', '510551', '510551', '510551', '510551', 'Dotacion y suministro a trabajadores', ' 4', '5105', 'D', 'D', '', ''),
('510554', '', '5', '51', '5105', '510554', '510554', '510554', '510554', '510554', 'Seguros', ' 4', '5105', 'D', 'D', '', ''),
('510557', '', '5', '51', '5105', '510557', '510557', '510557', '510557', '510557', 'Cuotas partes pension de jubilacion', ' 4', '5105', 'D', 'D', '', ''),
('510559', '', '5', '51', '5105', '510559', '510559', '510559', '510559', '510559', 'Pensiones de jubilacion', ' 4', '5105', 'D', 'D', '', ''),
('510560', '', '5', '51', '5105', '510560', '510560', '510560', '510560', '510560', 'Indemnizaciones laborales', ' 4', '5105', 'D', 'D', '', ''),
('510563', '', '5', '51', '5105', '510563', '510563', '510563', '510563', '510563', 'Capacitacion al personal', ' 4', '5105', 'D', 'D', '', ''),
('510566', '', '5', '51', '5105', '510566', '510566', '510566', '510566', '510566', 'Gastos deportivos y de recreacion', ' 4', '5105', 'D', 'D', '', ''),
('510568', '', '5', '51', '5105', '510568', '510568', '510568', '510568', '510568', 'Aportes a (ARP) admnist. de riesgos prof', ' 4', '5105', 'D', 'D', '', ''),
('510569', '', '5', '51', '5105', '510569', '510569', '510569', '510569', '510569', 'Aportes a (EPS) entid. promotoras salud', ' 4', '5105', 'D', 'D', '', ''),
('510570', '', '5', '51', '5105', '510570', '510570', '510570', '510570', '510570', 'Aportes a fondos de pensiones / cesantia', ' 4', '5105', 'D', 'D', '', ''),
('510572', '', '5', '51', '5105', '510572', '510572', '510572', '510572', '510572', 'Aportes a Cajas de compensacion familiar', ' 4', '5105', 'D', 'D', '', ''),
('510575', '', '5', '51', '5105', '510575', '510575', '510575', '510575', '510575', 'Aportes al ICBF', ' 4', '5105', 'D', 'D', '', ''),
('510578', '', '5', '51', '5105', '510578', '510578', '510578', '510578', '510578', 'Aportes al SENA', ' 4', '5105', 'D', 'D', '', ''),
('510584', '', '5', '51', '5105', '510584', '510584', '510584', '510584', '510584', 'Gastos medicos y drogas', ' 4', '5105', 'D', 'D', '', ''),
('510586', '', '5', '51', '5105', '510586', '510586', '510586', '510586', '510586', 'Apoyo de Sostenimiento 75% SMLV', ' 4', '5105', 'D', 'D', '', ''),
('510595', '', '5', '51', '5105', '510595', '510595', '510595', '510595', '510595', 'Otros', ' 4', '5105', 'D', 'D', '', ''),
('5110', '', '5', '51', '5110', '5110', '5110', '5110', '5110', '5110', 'HONORARIOS', ' 3', '51', 'T', 'D', '', ''),
('511005', '', '5', '51', '5110', '511005', '511005', '511005', '511005', '511005', 'Junta directiva', ' 4', '5110', 'D', 'D', '', ''),
('511010', '', '5', '51', '5110', '511010', '511010', '511010', '511010', '511010', 'Revisoria fiscal', ' 4', '5110', 'D', 'D', '', ''),
('511015', '', '5', '51', '5110', '511015', '511015', '511015', '511015', '511015', 'Auditoria externa', ' 4', '5110', 'D', 'D', '', ''),
('511020', '', '5', '51', '5110', '511020', '511020', '511020', '511020', '511020', 'Avaluos', ' 4', '5110', 'D', 'D', '', ''),
('511025', '', '5', '51', '5110', '511025', '511025', '511025', '511025', '511025', 'Asesoria Juridica', ' 4', '5110', 'D', 'D', '', ''),
('511030', '', '5', '51', '5110', '511030', '511030', '511030', '511030', '511030', 'Asesoria financiera', ' 4', '5110', 'D', 'D', '', ''),
('511095', '', '5', '51', '5110', '511095', '511095', '511095', '511095', '511095', 'Otros', ' 4', '5110', 'D', 'D', '', ''),
('5115', '', '5', '51', '5115', '5115', '5115', '5115', '5115', '5115', 'IMPUESTOS', ' 3', '51', 'T', 'D', '', ''),
('511505', '', '5', '51', '5115', '511505', '511505', '511505', '511505', '511505', 'Industria y Comercio', ' 4', '5115', 'D', 'D', '', ''),
('511510', '', '5', '51', '5115', '511510', '511510', '511510', '511510', '511510', 'De timbres', ' 4', '5115', 'D', 'D', '', ''),
('511540', '', '5', '51', '5115', '511540', '511540', '511540', '511540', '511540', 'De vehiculos', ' 4', '5115', 'D', 'D', '', ''),
('511550', '', '5', '51', '5115', '511550', '511550', '511550', '511550', '511550', 'Cuotas de fomento', ' 4', '5115', 'D', 'D', '', ''),
('511570', '', '5', '51', '5115', '511570', '511570', '511570', '511570', '511570', 'IVA descontable', ' 4', '5115', 'D', 'D', '', ''),
('511595', '', '5', '51', '5115', '511595', '511595', '511595', '511595', '511595', 'Otros', ' 4', '5115', 'D', 'D', '', ''),
('5120', '', '5', '51', '5120', '5120', '5120', '5120', '5120', '5120', 'ARRENDAMIENTOS', ' 3', '51', 'T', 'D', '', ''),
('512010', '', '5', '51', '5120', '512010', '512010', '512010', '512010', '512010', 'Construcciones y edificaciones', ' 4', '5120', 'D', 'D', '', ''),
('512040', '', '5', '51', '5120', '512040', '512040', '512040', '512040', '512040', 'Flota y equipo de transporte', ' 4', '5120', 'D', 'D', '', ''),
('512095', '', '5', '51', '5120', '512095', '512095', '512095', '512095', '512095', 'Otros', ' 4', '5120', 'D', 'D', '', ''),
('5125', '', '5', '51', '5125', '5125', '5125', '5125', '5125', '5125', 'CONTRIBUCIONES Y AFILIACIONES', ' 3', '51', 'T', 'D', '', ''),
('512505', '', '5', '51', '5125', '512505', '512505', '512505', '512505', '512505', 'Contribuciones', ' 4', '5125', 'D', 'D', '', ''),
('512510', '', '5', '51', '5125', '512510', '512510', '512510', '512510', '512510', 'Afiliaciones y sostenimientos', ' 4', '5125', 'D', 'D', '', ''),
('5130', '', '5', '51', '5130', '5130', '5130', '5130', '5130', '5130', 'SEGUROS', ' 3', '51', 'T', 'D', '', ''),
('513005', '', '5', '51', '5130', '513005', '513005', '513005', '513005', '513005', 'Manejo', ' 4', '5130', 'D', 'D', '', ''),
('513010', '', '5', '51', '5130', '513010', '513010', '513010', '513010', '513010', 'Cumplimiento', ' 4', '5130', 'D', 'D', '', ''),
('513015', '', '5', '51', '5130', '513015', '513015', '513015', '513015', '513015', 'Corriente debil', ' 4', '5130', 'D', 'D', '', ''),
('513025', '', '5', '51', '5130', '513025', '513025', '513025', '513025', '513025', 'Incendio', ' 4', '5130', 'D', 'D', '', ''),
('513030', '', '5', '51', '5130', '513030', '513030', '513030', '513030', '513030', 'terremoto', ' 4', '5130', 'D', 'D', '', ''),
('513035', '', '5', '51', '5130', '513035', '513035', '513035', '513035', '513035', 'Sustraccion y hurto', ' 4', '5130', 'D', 'D', '', ''),
('513040', '', '5', '51', '5130', '513040', '513040', '513040', '513040', '513040', 'Flota y equipo de transporte', ' 4', '5130', 'D', 'D', '', ''),
('513045', '', '5', '51', '5130', '513045', '513045', '513045', '513045', '513045', 'Equipo Electronico', ' 4', '5130', 'D', 'D', '', ''),
('513060', '', '5', '51', '5130', '513060', '513060', '513060', '513060', '513060', 'Responsabilidad civil y extracontractual', ' 4', '5130', 'D', 'D', '', ''),
('513075', '', '5', '51', '5130', '513075', '513075', '513075', '513075', '513075', 'Obligatorio de accidente de transito', ' 4', '5130', 'D', 'D', '', ''),
('513080', '', '5', '51', '5130', '513080', '513080', '513080', '513080', '513080', 'Transporte de mercancia', ' 4', '5130', 'D', 'D', '', ''),
('513090', '', '5', '51', '5130', '513090', '513090', '513090', '513090', '513090', 'Transporte de Valores', ' 4', '5130', 'D', 'D', '', ''),
('513095', '', '5', '51', '5130', '513095', '513095', '513095', '513095', '513095', 'Otros', ' 4', '5130', 'D', 'D', '', ''),
('5135', '', '5', '51', '5135', '5135', '5135', '5135', '5135', '5135', 'SERVICIOS', ' 3', '51', 'T', 'D', '', ''),
('513505', '', '5', '51', '5135', '513505', '513505', '513505', '513505', '513505', 'Aseo y vigilancia', ' 4', '5135', 'D', 'D', '', ''),
('513510', '', '5', '51', '5135', '513510', '513510', '513510', '513510', '513510', 'Temporales', ' 4', '5135', 'D', 'D', '', ''),
('513517', '', '5', '51', '5135', '513517', '513517', '513517', '513517', '513517', 'Asesoria en Cartera', ' 4', '5135', 'D', 'D', '', ''),
('513520', '', '5', '51', '5135', '513520', '513520', '513520', '513520', '513520', 'Procesamiento electronico de datos', ' 4', '5135', 'D', 'D', '', ''),
('513525', '', '5', '51', '5135', '513525', '513525', '513525', '513525', '513525', 'Acueducto y alcantarillado', ' 4', '5135', 'D', 'D', '', ''),
('513530', '', '5', '51', '5135', '513530', '513530', '513530', '513530', '513530', 'Energia electrica', ' 4', '5135', 'D', 'D', '', ''),
('513535', '', '5', '51', '5135', '513535', '513535', '513535', '513535', '513535', 'Telefonos', ' 4', '5135', 'D', 'D', '', ''),
('513540', '', '5', '51', '5135', '513540', '513540', '513540', '513540', '513540', 'Correo, portes y telegramas', ' 4', '5135', 'D', 'D', '', ''),
('513545', '', '5', '51', '5135', '513545', '513545', '513545', '513545', '513545', 'Fax y Telex', ' 4', '5135', 'D', 'D', '', ''),
('513550', '', '5', '51', '5135', '513550', '513550', '513550', '513550', '513550', 'Transporte, fletes y acarreos', ' 4', '5135', 'D', 'D', '', ''),
('513560', '', '5', '51', '5135', '513560', '513560', '513560', '513560', '513560', 'Empastado', ' 4', '5135', 'D', 'D', '', ''),
('513595', '', '5', '51', '5135', '513595', '513595', '513595', '513595', '513595', 'Otros', ' 4', '5135', 'D', 'D', '', ''),
('5140', '', '5', '51', '5140', '5140', '5140', '5140', '5140', '5140', 'GASTOS LEGALES', ' 3', '51', 'T', 'D', '', ''),
('514005', '', '5', '51', '5140', '514005', '514005', '514005', '514005', '514005', 'Notariales', ' 4', '5140', 'D', 'D', '', ''),
('514010', '', '5', '51', '5140', '514010', '514010', '514010', '514010', '514010', 'Registro mercantil', ' 4', '5140', 'D', 'D', '', ''),
('514015', '', '5', '51', '5140', '514015', '514015', '514015', '514015', '514015', 'Tramites y licencias', ' 4', '5140', 'D', 'D', '', ''),
('514020', '', '5', '51', '5140', '514020', '514020', '514020', '514020', '514020', 'Aduaneros', ' 4', '5140', 'D', 'D', '', ''),
('514095', '', '5', '51', '5140', '514095', '514095', '514095', '514095', '514095', 'Otros', ' 4', '5140', 'D', 'D', '', ''),
('5145', '', '5', '51', '5145', '5145', '5145', '5145', '5145', '5145', 'MANTENIMIENTO Y REPARACIONES', ' 3', '51', 'T', 'D', '', ''),
('514515', '', '5', '51', '5145', '514515', '514515', '514515', '514515', '514515', 'Maquinaria y equipo', ' 4', '5145', 'D', 'D', '', ''),
('514520', '', '5', '51', '5145', '514520', '514520', '514520', '514520', '514520', 'Equipo de oficina', ' 4', '5145', 'D', 'D', '', ''),
('514525', '', '5', '51', '5145', '514525', '514525', '514525', '514525', '514525', 'Equipo de computacion y comunicaciones', ' 4', '5145', 'D', 'D', '', ''),
('5150', '', '5', '51', '5150', '5150', '5150', '5150', '5150', '5150', 'ADECUACION E INSTALACIONES', ' 3', '51', 'T', 'D', '', ''),
('515005', '', '5', '51', '5150', '515005', '515005', '515005', '515005', '515005', 'Instalaciones electricas', ' 4', '5150', 'D', 'D', '', ''),
('515015', '', '5', '51', '5150', '515015', '515015', '515015', '515015', '515015', 'Reparaciones locativas', ' 4', '5150', 'D', 'D', '', ''),
('515095', '', '5', '51', '5150', '515095', '515095', '515095', '515095', '515095', 'Instalaciones y Reparaciones Ajenas', ' 4', '5150', 'D', 'D', '', ''),
('5155', '', '5', '51', '5155', '5155', '5155', '5155', '5155', '5155', 'GASTOS DE VIAJE', ' 3', '51', 'T', 'D', '', ''),
('515505', '', '5', '51', '5155', '515505', '515505', '515505', '515505', '515505', 'Alojamiento y manutencion', ' 4', '5155', 'D', 'D', '', ''),
('515515', '', '5', '51', '5155', '515515', '515515', '515515', '515515', '515515', 'Pasajes aereos', ' 4', '5155', 'D', 'D', '', ''),
('515520', '', '5', '51', '5155', '515520', '515520', '515520', '515520', '515520', 'Pasajes terrestres', ' 4', '5155', 'D', 'D', '', ''),
('515595', '', '5', '51', '5155', '515595', '515595', '515595', '515595', '515595', 'Otros', ' 4', '5155', 'D', 'D', '', ''),
('5160', '', '5', '51', '5160', '5160', '5160', '5160', '5160', '5160', 'DEPRECIACIONES', ' 3', '51', 'T', 'D', '', ''),
('516015', '', '5', '51', '5160', '516015', '516015', '516015', '516015', '516015', 'Equipo de oficina', ' 4', '5160', 'D', 'D', '', ''),
('516020', '', '5', '51', '5160', '516020', '516020', '516020', '516020', '516020', 'Equipo de computacion y comunicacion', ' 4', '5160', 'D', 'D', '', ''),
('516035', '', '5', '51', '5160', '516035', '516035', '516035', '516035', '516035', 'Flota y equipo de transporte', ' 4', '5160', 'D', 'D', '', ''),
('5165', '', '5', '51', '5165', '5165', '5165', '5165', '5165', '5165', 'AMORTIZACIONES', ' 3', '51', 'T', 'D', '', ''),
('516515', '', '5', '51', '5165', '516515', '516515', '516515', '516515', '516515', 'Cargos diferidos', ' 4', '5165', 'D', 'D', '', ''),
('516595', '', '5', '51', '5165', '516595', '516595', '516595', '516595', '516595', 'Otros', ' 4', '5165', 'D', 'D', '', ''),
('5195', '', '5', '51', '5195', '5195', '5195', '5195', '5195', '5195', 'DIVERSOS', ' 3', '51', 'T', 'D', '', ''),
('519505', '', '5', '51', '5195', '519505', '519505', '519505', '519505', '519505', 'Comisiones', ' 4', '5195', 'D', 'D', '', ''),
('519510', '', '5', '51', '5195', '519510', '519510', '519510', '519510', '519510', 'Libros, suscrip., periodicos y revistas', ' 4', '5195', 'D', 'D', '', ''),
('519520', '', '5', '51', '5195', '519520', '519520', '519520', '519520', '519520', 'Gastos de representaciones y relac. publ', ' 4', '5195', 'D', 'D', '', ''),
('519525', '', '5', '51', '5195', '519525', '519525', '519525', '519525', '519525', 'Elementos de aseo y cafeteria', ' 4', '5195', 'D', 'D', '', ''),
('519530', '', '5', '51', '5195', '519530', '519530', '519530', '519530', '519530', 'Utiles, papeleria y fotocopias', ' 4', '5195', 'D', 'D', '', ''),
('519535', '', '5', '51', '5195', '519535', '519535', '519535', '519535', '519535', 'Combustible y lubricantes', ' 4', '5195', 'D', 'D', '', ''),
('519540', '', '5', '51', '5195', '519540', '519540', '519540', '519540', '519540', 'Envases y empaques', ' 4', '5195', 'D', 'D', '', ''),
('519545', '', '5', '51', '5195', '519545', '519545', '519545', '519545', '519545', 'taxis y buses', ' 4', '5195', 'D', 'D', '', ''),
('519550', '', '5', '51', '5195', '519550', '519550', '519550', '519550', '519550', 'Estampillas', ' 4', '5195', 'D', 'D', '', ''),
('519560', '', '5', '51', '5195', '519560', '519560', '519560', '519560', '519560', 'Casino y restaurantes', ' 4', '5195', 'D', 'D', '', ''),
('519565', '', '5', '51', '5195', '519565', '519565', '519565', '519565', '519565', 'Parqueaderos', ' 4', '5195', 'D', 'D', '', ''),
('519580', '', '5', '51', '5195', '519580', '519580', '519580', '519580', '519580', 'Peajes', ' 4', '5195', 'D', 'D', '', ''),
('519595', '', '5', '51', '5195', '519595', '519595', '519595', '519595', '519595', 'Otros', ' 4', '5195', 'D', 'D', '', ''),
('519596', '', '5', '51', '5195', '519596', '519596', '519596', '519596', '519596', 'Otros Activos', ' 4', '5195', 'D', 'D', '', ''),
('5199', '', '5', '51', '5199', '5199', '5199', '5199', '5199', '5199', 'PROVISIONES', ' 3', '51', 'T', 'D', '', ''),
('519910', '', '5', '51', '5199', '519910', '519910', '519910', '519910', '519910', 'Deudores', ' 4', '5199', 'D', 'D', '', ''),
('52', '', '5', '52', '52', '52', '52', '52', '52', '52', 'OPERACIONALES DE VENTAS', ' 2', '5', 'T', 'D', '', ''),
('5205', '', '5', '52', '5205', '5205', '5205', '5205', '5205', '5205', 'GASTOS DEL PERSONAL', ' 3', '52', 'T', 'D', '', ''),
('520503', '', '5', '52', '5205', '520503', '520503', '520503', '520503', '520503', 'Salario integral', ' 4', '5205', 'D', 'D', '', ''),
('520506', '', '5', '52', '5205', '520506', '520506', '520506', '520506', '520506', 'Sueldos', ' 4', '5205', 'D', 'D', '', ''),
('520515', '', '5', '52', '5205', '520515', '520515', '520515', '520515', '520515', 'Horas extras y recargos', ' 4', '5205', 'D', 'D', '', ''),
('520518', '', '5', '52', '5205', '520518', '520518', '520518', '520518', '520518', 'Comisiones', ' 4', '5205', 'D', 'D', '', ''),
('520521', '', '5', '52', '5205', '520521', '520521', '520521', '520521', '520521', 'Viaticos', ' 4', '5205', 'D', 'D', '', ''),
('520524', '', '5', '52', '5205', '520524', '520524', '520524', '520524', '520524', 'Incapacidades', ' 4', '5205', 'D', 'D', '', ''),
('520527', '', '5', '52', '5205', '520527', '520527', '520527', '520527', '520527', 'Auxilio de transporte', ' 4', '5205', 'D', 'D', '', ''),
('520530', '', '5', '52', '5205', '520530', '520530', '520530', '520530', '520530', 'Cesantias', ' 4', '5205', 'D', 'D', '', ''),
('520533', '', '5', '52', '5205', '520533', '520533', '520533', '520533', '520533', 'Intereses sobre cesantias', ' 4', '5205', 'D', 'D', '', ''),
('520536', '', '5', '52', '5205', '520536', '520536', '520536', '520536', '520536', 'Prima de servicios', ' 4', '5205', 'D', 'D', '', ''),
('520539', '', '5', '52', '5205', '520539', '520539', '520539', '520539', '520539', 'Vacaciones', ' 4', '5205', 'D', 'D', '', ''),
('520542', '', '5', '52', '5205', '520542', '520542', '520542', '520542', '520542', 'Prima extralegal', ' 4', '5205', 'D', 'D', '', ''),
('520545', '', '5', '52', '5205', '520545', '520545', '520545', '520545', '520545', 'Auxilios', ' 4', '5205', 'D', 'D', '', ''),
('520548', '', '5', '52', '5205', '520548', '520548', '520548', '520548', '520548', 'Bonificaciones', ' 4', '5205', 'D', 'D', '', ''),
('520551', '', '5', '52', '5205', '520551', '520551', '520551', '520551', '520551', 'Dotacion y suministros a trabajadores', ' 4', '5205', 'D', 'D', '', ''),
('520554', '', '5', '52', '5205', '520554', '520554', '520554', '520554', '520554', 'Seguros', ' 4', '5205', 'D', 'D', '', ''),
('520560', '', '5', '52', '5205', '520560', '520560', '520560', '520560', '520560', 'Imdemnizaciones laborales', ' 4', '5205', 'D', 'D', '', ''),
('520563', '', '5', '52', '5205', '520563', '520563', '520563', '520563', '520563', 'Capacitacion al personal', ' 4', '5205', 'D', 'D', '', ''),
('520566', '', '5', '52', '5205', '520566', '520566', '520566', '520566', '520566', 'gastos deportivos y de recreacion', ' 4', '5205', 'D', 'D', '', ''),
('520568', '', '5', '52', '5205', '520568', '520568', '520568', '520568', '520568', 'Aportes a (ARP) adminis.de riesgos profe', ' 4', '5205', 'D', 'D', '', ''),
('520569', '', '5', '52', '5205', '520569', '520569', '520569', '520569', '520569', 'Aportes a (EPS) entidades promotora salu', ' 4', '5205', 'D', 'D', '', ''),
('520570', '', '5', '52', '5205', '520570', '520570', '520570', '520570', '520570', 'Aportes a fondos de pension / cesantias', ' 4', '5205', 'D', 'D', '', ''),
('520572', '', '5', '52', '5205', '520572', '520572', '520572', '520572', '520572', 'Aportes a la Caja de compensacion', ' 4', '5205', 'D', 'D', '', ''),
('520575', '', '5', '52', '5205', '520575', '520575', '520575', '520575', '520575', 'Aportes a ICBF', ' 4', '5205', 'D', 'D', '', ''),
('520578', '', '5', '52', '5205', '520578', '520578', '520578', '520578', '520578', 'Aportes al SENA', ' 4', '5205', 'D', 'D', '', ''),
('520584', '', '5', '52', '5205', '520584', '520584', '520584', '520584', '520584', 'Gastos medicos y de droga', ' 4', '5205', 'D', 'D', '', ''),
('520586', '', '5', '52', '5205', '520586', '520586', '520586', '520586', '520586', 'Apoyo de Sostenimiento 75% SMLV', ' 4', '5205', 'D', 'D', '', ''),
('520595', '', '5', '52', '5205', '520595', '520595', '520595', '520595', '520595', 'Otros', ' 4', '5205', 'D', 'D', '', ''),
('52059505', '', '5', '52', '5205', '52059505', '52059505', '52059505', '52059505', '52059505', 'Auxilio de movilizacion y transporte', ' 4', '5205', 'D', 'D', '52059505', ''),
('52059510', '', '5', '52', '5205', '52059510', '52059510', '52059510', '52059510', '52059510', 'Auxilio de Movilizacion a', ' 4', '5205', 'D', 'D', '52059510', ''),
('5210', '', '5', '52', '5210', '5210', '5210', '5210', '5210', '5210', 'HONORARIOS', ' 3', '52', 'T', 'D', '', ''),
('521025', '', '5', '52', '5210', '521025', '521025', '521025', '521025', '521025', 'Asesoria juridica', ' 4', '5210', 'D', 'D', '', ''),
('521095', '', '5', '52', '5210', '521095', '521095', '521095', '521095', '521095', 'Otros', ' 4', '5210', 'D', 'D', '', ''),
('5215', '', '5', '52', '5215', '5215', '5215', '5215', '5215', '5215', 'IMPUESTOS', ' 3', '52', 'T', 'D', '', ''),
('521505', '', '5', '52', '5215', '521505', '521505', '521505', '521505', '521505', 'Industria y Comercio', ' 4', '5215', 'D', 'D', '', ''),
('521540', '', '5', '52', '5215', '521540', '521540', '521540', '521540', '521540', 'De vehiculos', ' 4', '5215', 'D', 'D', '', ''),
('521570', '', '5', '52', '5215', '521570', '521570', '521570', '521570', '521570', 'Iva Descontable', ' 4', '5215', 'D', 'D', '', ''),
('521595', '', '5', '52', '5215', '521595', '521595', '521595', '521595', '521595', 'Otros', ' 4', '5215', 'D', 'D', '', ''),
('5220', '', '5', '52', '5220', '5220', '5220', '5220', '5220', '5220', 'ARRENDAMIENTOS', ' 3', '52', 'T', 'D', '', ''),
('522010', '', '5', '52', '5220', '522010', '522010', '522010', '522010', '522010', 'Construcciones y edificaciones', ' 4', '5220', 'D', 'D', '', ''),
('522040', '', '5', '52', '5220', '522040', '522040', '522040', '522040', '522040', 'Flota y equipo de transporte', ' 4', '5220', 'D', 'D', '', ''),
('522095', '', '5', '52', '5220', '522095', '522095', '522095', '522095', '522095', 'Otros', ' 4', '5220', 'D', 'D', '', ''),
('5230', '', '5', '52', '5230', '5230', '5230', '5230', '5230', '5230', 'SEGUROS', ' 3', '52', 'T', 'D', '', ''),
('523035', '', '5', '52', '5230', '523035', '523035', '523035', '523035', '523035', 'Sustraccion y hurto', ' 4', '5230', 'D', 'D', '', ''),
('523040', '', '5', '52', '5230', '523040', '523040', '523040', '523040', '523040', 'Flota y equipo de transporte', ' 4', '5230', 'D', 'D', '', ''),
('523080', '', '5', '52', '5230', '523080', '523080', '523080', '523080', '523080', 'Transporte de Mercancia', ' 4', '5230', 'D', 'D', '', ''),
('523095', '', '5', '52', '5230', '523095', '523095', '523095', '523095', '523095', 'Otros', ' 4', '5230', 'D', 'D', '', ''),
('5235', '', '5', '52', '5235', '5235', '5235', '5235', '5235', '5235', 'SERVICIOS', ' 3', '52', 'T', 'D', '', ''),
('523505', '', '5', '52', '5235', '523505', '523505', '523505', '523505', '523505', 'Aseo y vigilancia', ' 4', '5235', 'D', 'D', '', ''),
('523510', '', '5', '52', '5235', '523510', '523510', '523510', '523510', '523510', 'Temporales', ' 4', '5235', 'D', 'D', '', ''),
('523517', '', '5', '52', '5235', '523517', '523517', '523517', '523517', '523517', 'Asesoria en Cartera', ' 4', '5235', 'D', 'D', '', ''),
('523525', '', '5', '52', '5235', '523525', '523525', '523525', '523525', '523525', 'Acueducto y alcantarillado', ' 4', '5235', 'D', 'D', '', ''),
('523530', '', '5', '52', '5235', '523530', '523530', '523530', '523530', '523530', 'Energia electrica', ' 4', '5235', 'D', 'D', '', ''),
('523535', '', '5', '52', '5235', '523535', '523535', '523535', '523535', '523535', 'Telefono', ' 4', '5235', 'D', 'D', '', ''),
('523540', '', '5', '52', '5235', '523540', '523540', '523540', '523540', '523540', 'Correo, portes y telegramas', ' 4', '5235', 'D', 'D', '', ''),
('523545', '', '5', '52', '5235', '523545', '523545', '523545', '523545', '523545', 'Fax y Telex', ' 4', '5235', 'D', 'D', '', ''),
('523550', '', '5', '52', '5235', '523550', '523550', '523550', '523550', '523550', 'Transporte, fletes y acarreos', ' 4', '5235', 'D', 'D', '', ''),
('523560', '', '5', '52', '5235', '523560', '523560', '523560', '523560', '523560', 'Publicidad, propaganda y promocion', ' 4', '5235', 'D', 'D', '', ''),
('523595', '', '5', '52', '5235', '523595', '523595', '523595', '523595', '523595', 'Otros', ' 4', '5235', 'D', 'D', '', ''),
('5240', '', '5', '52', '5240', '5240', '5240', '5240', '5240', '5240', 'GASTOS LEGALES', ' 3', '52', 'T', 'D', '', ''),
('524005', '', '5', '52', '5240', '524005', '524005', '524005', '524005', '524005', 'Notariales', ' 4', '5240', 'D', 'D', '', ''),
('524010', '', '5', '52', '5240', '524010', '524010', '524010', '524010', '524010', 'Registro mercantil', ' 4', '5240', 'D', 'D', '', ''),
('524015', '', '5', '52', '5240', '524015', '524015', '524015', '524015', '524015', 'Tramites y licencias', ' 4', '5240', 'D', 'D', '', ''),
('524095', '', '5', '52', '5240', '524095', '524095', '524095', '524095', '524095', 'Otros', ' 4', '5240', 'D', 'D', '', ''),
('5245', '', '5', '52', '5245', '5245', '5245', '5245', '5245', '5245', 'MANTENIMIENTO Y REPARACIONES', ' 3', '52', 'T', 'D', '', ''),
('524520', '', '5', '52', '5245', '524520', '524520', '524520', '524520', '524520', 'Equipo de oficina', ' 4', '5245', 'D', 'D', '', ''),
('524525', '', '5', '52', '5245', '524525', '524525', '524525', '524525', '524525', 'Equipo de computacion', ' 4', '5245', 'D', 'D', '', ''),
('524540', '', '5', '52', '5245', '524540', '524540', '524540', '524540', '524540', 'FLOTA Y EQUIPO DE TRANSPORTE', ' 4', '5245', 'D', 'D', '', ''),
('5250', '', '5', '52', '5250', '5250', '5250', '5250', '5250', '5250', 'ADECUACION E INSTALACION', ' 3', '52', 'T', 'D', '', ''),
('525015', '', '5', '52', '5250', '525015', '525015', '525015', '525015', '525015', 'Reparaciones locativas', ' 4', '5250', 'D', 'D', '', ''),
('525095', '', '5', '52', '5250', '525095', '525095', '525095', '525095', '525095', 'Otros', ' 4', '5250', 'D', 'D', '', ''),
('5255', '', '5', '52', '5255', '5255', '5255', '5255', '5255', '5255', 'GASTOS DE VIAJE', ' 3', '52', 'T', 'D', '', ''),
('525505', '', '5', '52', '5255', '525505', '525505', '525505', '525505', '525505', 'Alojamiento y Manutencion', ' 4', '5255', 'D', 'D', '', ''),
('525515', '', '5', '52', '5255', '525515', '525515', '525515', '525515', '525515', 'Pasajes aereos', ' 4', '5255', 'D', 'D', '', ''),
('525520', '', '5', '52', '5255', '525520', '525520', '525520', '525520', '525520', 'Pasajes terrestres', ' 4', '5255', 'D', 'D', '', ''),
('525595', '', '5', '52', '5255', '525595', '525595', '525595', '525595', '525595', 'Otros', ' 4', '5255', 'D', 'D', '', ''),
('5260', '', '5', '52', '5260', '5260', '5260', '5260', '5260', '5260', 'DEPRECIACIONES', ' 3', '52', 'T', 'D', '', ''),
('526015', '', '5', '52', '5260', '526015', '526015', '526015', '526015', '526015', 'Equipo de oficina', ' 4', '5260', 'D', 'D', '', ''),
('526020', '', '5', '52', '5260', '526020', '526020', '526020', '526020', '526020', 'Equipo de computacion', ' 4', '5260', 'D', 'D', '', ''),
('526035', '', '5', '52', '5260', '526035', '526035', '526035', '526035', '526035', 'Flota y equipo de transporte', ' 4', '5260', 'D', 'D', '', ''),
('5265', '', '5', '52', '5265', '5265', '5265', '5265', '5265', '5265', 'AMORTIZACIONES', ' 3', '52', 'T', 'D', '', ''),
('526515', '', '5', '52', '5265', '526515', '526515', '526515', '526515', '526515', 'Cargos diferidos', ' 4', '5265', 'D', 'D', '', ''),
('526595', '', '5', '52', '5265', '526595', '526595', '526595', '526595', '526595', 'Otras', ' 4', '5265', 'D', 'D', '', ''),
('5295', '', '5', '52', '5295', '5295', '5295', '5295', '5295', '5295', 'DIVERSOS', ' 3', '52', 'T', 'D', '', ''),
('529505', '', '5', '52', '5295', '529505', '529505', '529505', '529505', '529505', 'Comisiones', ' 4', '5295', 'D', 'D', '', ''),
('529510', '', '5', '52', '5295', '529510', '529510', '529510', '529510', '529510', 'Libros, suscrip, periodicos y recistas', ' 4', '5295', 'D', 'D', '', ''),
('529520', '', '5', '52', '5295', '529520', '529520', '529520', '529520', '529520', 'Gastos de representacion y relaciones pu', ' 4', '5295', 'D', 'D', '', ''),
('529525', '', '5', '52', '5295', '529525', '529525', '529525', '529525', '529525', 'Elementos de aseo y cafeteria', ' 4', '5295', 'D', 'D', '', ''),
('529530', '', '5', '52', '5295', '529530', '529530', '529530', '529530', '529530', 'Utiles, papeleria y fotocopias', ' 4', '5295', 'D', 'D', '', ''),
('529535', '', '5', '52', '5295', '529535', '529535', '529535', '529535', '529535', 'Combustible y lubricantes', ' 4', '5295', 'D', 'D', '', ''),
('529545', '', '5', '52', '5295', '529545', '529545', '529545', '529545', '529545', 'Taxis y buses', ' 4', '5295', 'D', 'D', '', ''),
('529550', '', '5', '52', '5295', '529550', '529550', '529550', '529550', '529550', 'Estampillas', ' 4', '5295', 'D', 'D', '', ''),
('529560', '', '5', '52', '5295', '529560', '529560', '529560', '529560', '529560', 'Casino y restaurantes', ' 4', '5295', 'D', 'D', '', ''),
('529565', '', '5', '52', '5295', '529565', '529565', '529565', '529565', '529565', 'Parqueaderos', ' 4', '5295', 'D', 'D', '', ''),
('529580', '', '5', '52', '5295', '529580', '529580', '529580', '529580', '529580', 'Peajes', ' 4', '5295', 'D', 'D', '', ''),
('529595', '', '5', '52', '5295', '529595', '529595', '529595', '529595', '529595', 'Otros', ' 4', '5295', 'D', 'D', '', ''),
('529596', '', '5', '52', '5295', '529596', '529596', '529596', '529596', '529596', 'Otros Activos', ' 4', '5295', 'D', 'D', '', ''),
('5299', '', '5', '52', '5299', '5299', '5299', '5299', '5299', '5299', 'PROVISIONES', ' 3', '52', 'T', 'D', '', ''),
('529910', '', '5', '52', '5299', '529910', '529910', '529910', '529910', '529910', 'Deudores', ' 4', '5299', 'D', 'D', '', ''),
('529915', '', '5', '52', '5299', '529915', '529915', '529915', '529915', '529915', 'Inventarios', ' 4', '5299', 'D', 'D', '', ''),
('529920', '', '5', '52', '5299', '529920', '529920', '529920', '529920', '529920', 'Propiedad, planta y equipo', ' 4', '5299', 'D', 'D', '', ''),
('529930', '', '5', '52', '5299', '529930', '529930', '529930', '529930', '529930', 'Anticipos y Avances', ' 4', '5299', 'D', 'D', '', ''),
('53', '', '5', '53', '53', '53', '53', '53', '53', '53', 'EGRESOS NO OPERACIONALES', ' 2', '5', 'T', 'D', '', ''),
('5305', '', '5', '53', '5305', '5305', '5305', '5305', '5305', '5305', 'FINANCIEROS', ' 3', '53', 'T', 'D', '', ''),
('530505', '', '5', '53', '5305', '530505', '530505', '530505', '530505', '530505', 'Gastos bancarios', ' 4', '5305', 'D', 'D', '', ''),
('530510', '', '5', '53', '5305', '530510', '530510', '530510', '530510', '530510', 'Reajuste monetario UPAC', ' 4', '5305', 'D', 'D', '', ''),
('530515', '', '5', '53', '5305', '530515', '530515', '530515', '530515', '530515', 'Comisiones', ' 4', '5305', 'D', 'D', '', ''),
('530520', '', '5', '53', '5305', '530520', '530520', '530520', '530520', '530520', 'Intereses', ' 4', '5305', 'D', 'D', '', ''),
('530521', '', '5', '53', '5305', '530521', '530521', '530521', '530521', '530521', 'Intereses por Sobregiro Bancario', ' 4', '5305', 'D', 'D', '', ''),
('530525', '', '5', '53', '5305', '530525', '530525', '530525', '530525', '530525', 'Diferencia en Cambio', ' 4', '5305', 'D', 'D', '', ''),
('530535', '', '5', '53', '5305', '530535', '530535', '530535', '530535', '530535', 'Descuentos Comerciales Condicionados', ' 4', '5305', 'D', 'D', '', ''),
('530595', '', '5', '53', '5305', '530595', '530595', '530595', '530595', '530595', 'Otros', ' 4', '5305', 'D', 'D', '', ''),
('530596', '', '5', '53', '5305', '530596', '530596', '530596', '530596', '530596', 'Aporte Gravamen Financiero 4/oo', ' 4', '5305', 'D', 'D', '', ''),
('5310', '', '5', '53', '5310', '5310', '5310', '5310', '5310', '5310', 'PERDIDA EN SINIESTROS', ' 3', '53', 'T', 'D', '', ''),
('531040', '', '5', '53', '5310', '531040', '531040', '531040', '531040', '531040', 'Perdida por Siniestros', ' 4', '5310', 'D', 'D', '', ''),
('531095', '', '5', '53', '5310', '531095', '531095', '531095', '531095', '531095', 'Otros', ' 4', '5310', 'D', 'D', '', ''),
('5313', '', '5', '53', '5313', '5313', '5313', '5313', '5313', '5313', 'IMPUESTO PARA LA EQUIDAD CREE', ' 3', '53', 'T', 'D', '', ''),
('531303', '', '5', '53', '5313', '531303', '531303', '531303', '531303', '531303', 'Impuesto sobre la renta para la equidad', ' 4', '5313', 'D', 'D', '', ''),
('5315', '', '5', '53', '5315', '5315', '5315', '5315', '5315', '5315', 'GASTOS EXTRAORDINARIOS', ' 3', '53', 'T', 'D', '', ''),
('531515', '', '5', '53', '5315', '531515', '531515', '531515', '531515', '531515', 'Costos y gastos de periodos anteriores', ' 4', '5315', 'D', 'D', '', ''),
('531520', '', '5', '53', '5315', '531520', '531520', '531520', '531520', '531520', 'Impuestos asumidos', ' 4', '5315', 'D', 'D', '', ''),
('531595', '', '5', '53', '5315', '531595', '531595', '531595', '531595', '531595', 'Otros', ' 4', '5315', 'D', 'D', '', ''),
('5395', '', '5', '53', '5395', '5395', '5395', '5395', '5395', '5395', 'GASTOS DIVERSOS', ' 3', '53', 'T', 'D', '', ''),
('539520', '', '5', '53', '5395', '539520', '539520', '539520', '539520', '539520', 'Multas, sanciones y litigios', ' 4', '5395', 'D', 'D', '', ''),
('539525', '', '5', '53', '5395', '539525', '539525', '539525', '539525', '539525', 'Donaciones', ' 4', '5395', 'D', 'D', '', ''),
('539595', '', '5', '53', '5395', '539595', '539595', '539595', '539595', '539595', 'Otros', ' 4', '5395', 'D', 'D', '', ''),
('54', '', '5', '54', '54', '54', '54', '54', '54', '54', 'IMPUESTO DE RENTA Y COMPLEMENTARIOS', ' 2', '5', 'T', 'D', '', ''),
('5405', '', '5', '54', '5405', '5405', '5405', '5405', '5405', '5405', 'IMPUESTO DE RENTA Y COMPLEMENTARIOS', ' 3', '54', 'T', 'D', '', ''),
('540505', '', '5', '54', '5405', '540505', '540505', '540505', '540505', '540505', 'Impuesto de renta y complementarios', ' 4', '5405', 'D', 'D', '', ''),
('540510', '', '5', '54', '5405', '540510', '540510', '540510', '540510', '540510', 'Impuesto para la equidad Cree', ' 4', '5405', 'D', 'D', '', ''),
('59', '', '5', '59', '59', '59', '59', '59', '59', '59', 'GANANCIAS Y PERDIDAS', ' 2', '5', 'T', 'D', '', ''),
('5905', '', '5', '59', '5905', '5905', '5905', '5905', '5905', '5905', 'GANANCIAS Y PERDIDAS', ' 3', '59', 'T', 'D', '', ''),
('590505', '', '5', '59', '5905', '590505', '590505', '590505', '590505', '590505', 'GANANCIAS Y PERDIDAS', ' 4', '5905', 'D', 'D', '', ''),
('6', '', '6', '6', '6', '6', '6', '6', '6', '6', 'COSTO DE VENTA', ' 1', '', 'T', 'D', '', ''),
('61', '', '6', '61', '61', '61', '61', '61', '61', '61', 'COSTO DE VENTAS Y DE PRESTAC. SERVICIOS', ' 2', '6', 'T', 'D', '', ''),
('6135', '', '6', '61', '6135', '6135', '6135', '6135', '6135', '6135', 'COMERCIO AL POR MAYOR Y MENOR', ' 3', '61', 'T', 'D', '', ''),
('613595', '', '6', '61', '6135', '613595', '613595', '613595', '613595', '613595', 'Venta de otros productos', ' 4', '6135', 'D', 'D', '', ''),
('613596', '', '6', '61', '6135', '613596', '613596', '613596', '613596', '613596', 'Venta de otros productos Comodato', ' 4', '6135', 'D', 'D', '', ''),
('8', '', '8', '8', '8', '8', '8', '8', '8', '8', 'CUENTAS DE ORDEN DEUDORAS', ' 1', '', 'T', 'D', '', ''),
('81', '', '8', '81', '81', '81', '81', '81', '81', '81', 'DERECHOS CONTINGENTES', ' 2', '8', 'T', 'D', '', ''),
('8105', '', '8', '81', '8105', '8105', '8105', '8105', '8105', '8105', 'BIENES Y VALORES ENTREGADOS EN CUSTODIA', ' 3', '81', 'T', 'D', '', ''),
('810505', '', '8', '81', '8105', '810505', '810505', '810505', '810505', '810505', 'Valores mobiliarios', ' 4', '8105', 'D', 'D', '', ''),
('810510', '', '8', '81', '8105', '810510', '810510', '810510', '810510', '810510', 'Bienes muebles', ' 4', '8105', 'D', 'D', '', ''),
('810599', '', '8', '81', '8105', '810599', '810599', '810599', '810599', '810599', 'Ajuste por inflacion', ' 4', '8105', 'D', 'D', '', ''),
('8110', '', '8', '81', '8110', '8110', '8110', '8110', '8110', '8110', 'BIENES Y VALORES ENTREGADOS EN GARANTIA', ' 3', '81', 'T', 'D', '', ''),
('811005', '', '8', '81', '8110', '811005', '811005', '811005', '811005', '811005', 'Valores mobiliarios', ' 4', '8110', 'D', 'D', '', ''),
('811010', '', '8', '81', '8110', '811010', '811010', '811010', '811010', '811010', 'Bienes muebles', ' 4', '8110', 'D', 'D', '', ''),
('83', '', '8', '83', '83', '83', '83', '83', '83', '83', 'DEUDORAS DE CONTROL', ' 2', '8', 'T', 'D', '', ''),
('8395', '', '8', '83', '8395', '8395', '8395', '8395', '8395', '8395', 'OTRAS CUENTAS DEUDORAS DE CONTROL', ' 3', '83', 'T', 'D', '', ''),
('839505', '', '8', '83', '8395', '839505', '839505', '839505', '839505', '839505', 'Cheques Posfechados', ' 4', '8395', 'D', 'D', '', ''),
('86', '', '8', '86', '86', '86', '86', '86', '86', '86', 'DEUDORAS DE CONTROL POR CONTRA', ' 2', '8', 'T', 'C', '', ''),
('8695', '', '8', '86', '8695', '8695', '8695', '8695', '8695', '8695', 'OTRAS CUENTAS DE ORDEN DE CONTROL', ' 3', '86', 'T', 'C', '', ''),
('869505', '', '8', '86', '8695', '869505', '869505', '869505', '869505', '869505', 'Cheques Posfechados', ' 4', '8695', 'D', 'C', '', ''),
('9', '', '9', '9', '9', '9', '9', '9', '9', '9', 'CUENTAS DE ORDEN ACREEDORAS', ' 1', '', 'T', 'C', '', ''),
('91', '', '9', '91', '91', '91', '91', '91', '91', '91', 'RESPONSABILIDADES CONTINGENTES', ' 2', '9', 'T', 'C', '', ''),
('9105', '', '9', '91', '9105', '9105', '9105', '9105', '9105', '9105', 'BIENES Y VALORES RECIBIDOS EN CUSTODIA', ' 3', '91', 'T', 'C', '', ''),
('910505', '', '9', '91', '9105', '910505', '910505', '910505', '910505', '910505', 'Valores mobiliarios', ' 4', '9105', 'D', 'C', '', ''),
('910510', '', '9', '91', '9105', '910510', '910510', '910510', '910510', '910510', 'Bienes Muebles', ' 4', '9105', 'D', 'C', '', ''),
('910599', '', '9', '91', '9105', '910599', '910599', '910599', '910599', '910599', 'Ajuste por inflacion', ' 4', '9105', 'D', 'C', '', ''),
('9110', '', '9', '91', '9110', '9110', '9110', '9110', '9110', '9110', 'BIENES Y VALORES RECIBIDOS EN GARANTIA', ' 3', '91', 'T', 'C', '', ''),
('911005', '', '9', '91', '9110', '911005', '911005', '911005', '911005', '911005', 'Valores mobiliarios', ' 4', '9110', 'D', 'C', '', ''),
('911010', '', '9', '91', '9110', '911010', '911010', '911010', '911010', '911010', 'Bienes muebles', ' 4', '9110', 'D', 'C', '', ''),
('911099', '', '9', '91', '9110', '911099', '911099', '911099', '911099', '911099', 'Ajuste por inflacion', ' 4', '9110', 'D', 'C', '', ''),
('92', '', '9', '92', '92', '92', '92', '92', '92', '92', 'ACREEDORAS FISCALES', ' 2', '9', 'T', 'C', '', ''),
('920105', '', '9', '92', '920105', '920105', '920105', '920105', '920105', '920105', 'Provision Deudoras  Comerciales', ' 3', '92', 'D', 'C', '', ''),
('95', '', '9', '95', '95', '95', '95', '95', '95', '95', 'ACREEDORAS FISCALES POR CONTRA (DB)', ' 2', '9', 'T', 'D', '', ''),
('9501', '', '9', '95', '9501', '9501', '9501', '9501', '9501', '9501', 'ACREEDORAS FISCALES POR CONTRA (DB)', ' 3', '95', 'T', 'D', '', ''),
('950105', '', '9', '95', '9501', '950105', '950105', '950105', '950105', '950105', 'Provision Deudoras Comerciales', ' 4', '9501', 'D', 'D', '', '');

-- --------------------------------------------------------

--
-- Estructura de tabla para la tabla `empresas`
--

CREATE TABLE `empresas` (
  `CODIGO` char(2) DEFAULT NULL,
  `DESCRIPCION` char(40) DEFAULT NULL,
  `NIT` char(15) DEFAULT NULL,
  `NIT_DV` char(1) DEFAULT NULL,
  `DIRECCION_1` char(40) DEFAULT NULL,
  `DIRECCION_2` char(40) DEFAULT NULL,
  `DIRECCION_3` char(40) DEFAULT NULL,
  `CIUDAD` char(8) DEFAULT NULL,
  `TELEFONO` char(15) DEFAULT NULL,
  `FAX` char(15) DEFAULT NULL,
  `AAEREO` char(15) DEFAULT NULL,
  `EMAIL` char(50) DEFAULT NULL,
  `NRO_RESOLUCION_CG` char(15) DEFAULT NULL,
  `NRO_RESOLUCION_RT` char(15) DEFAULT NULL,
  `ESTADO` char(1) DEFAULT NULL
) ENGINE=InnoDB DEFAULT CHARSET=utf8;

--
-- Volcado de datos para la tabla `empresas`
--

INSERT INTO `empresas` (`CODIGO`, `DESCRIPCION`, `NIT`, `NIT_DV`, `DIRECCION_1`, `DIRECCION_2`, `DIRECCION_3`, `CIUDAD`, `TELEFONO`, `FAX`, `AAEREO`, `EMAIL`, `NRO_RESOLUCION_CG`, `NRO_RESOLUCION_RT`, `ESTADO`) VALUES
('DI', 'DISTRIMUNDIAL', '926002555', '8', '25-14 Autopista Norte', '', '', '77076001', '5459267 8 9', '5469270', '', 'distrimundial@hotmail.com', '', '00134 NOV 201', '');

-- --------------------------------------------------------

--
-- Estructura de tabla para la tabla `je_conceptocuentas`
--

CREATE TABLE `je_conceptocuentas` (
  `id_conceptocuentas` int(11) NOT NULL,
  `id_emp` char(2) NOT NULL,
  `id_concepto` int(11) NOT NULL,
  `id_cuenta` varchar(8) NOT NULL
) ENGINE=InnoDB DEFAULT CHARSET=utf8;

--
-- Volcado de datos para la tabla `je_conceptocuentas`
--

INSERT INTO `je_conceptocuentas` (`id_conceptocuentas`, `id_emp`, `id_concepto`, `id_cuenta`) VALUES
(22, 'DI', 1, '1'),
(18, 'DI', 9, '1'),
(19, 'DI', 1, '110505'),
(15, 'DI', 2, '110505'),
(10, 'DI', 1, '11100504'),
(13, 'DI', 8, '11100510');

-- --------------------------------------------------------

--
-- Estructura de tabla para la tabla `je_conceptos`
--

CREATE TABLE `je_conceptos` (
  `id_concepto` int(11) NOT NULL,
  `concepto_desc` varchar(100) DEFAULT NULL
) ENGINE=InnoDB DEFAULT CHARSET=utf8;

--
-- Volcado de datos para la tabla `je_conceptos`
--

INSERT INTO `je_conceptos` (`id_concepto`, `concepto_desc`) VALUES
(1, 'dos'),
(2, 'dos'),
(3, 'tres'),
(4, 'cuatro'),
(5, 'cinco'),
(6, 'seis'),
(7, 'prueba'),
(8, 'felicidad'),
(9, 'prueba'),
(10, 'hola');

-- --------------------------------------------------------

--
-- Estructura de tabla para la tabla `je_ereportecuentas`
--

CREATE TABLE `je_ereportecuentas` (
  `id_reporte` int(11) DEFAULT NULL,
  `id_concepto` int(11) DEFAULT NULL,
  `id_cuenta` varchar(8) DEFAULT NULL,
  `concepto_desc` varchar(100) DEFAULT NULL
) ENGINE=InnoDB DEFAULT CHARSET=utf8;

--
-- Volcado de datos para la tabla `je_ereportecuentas`
--

INSERT INTO `je_ereportecuentas` (`id_reporte`, `id_concepto`, `id_cuenta`, `concepto_desc`) VALUES
(1, 1, '41', 'Ingresos'),
(1, 2, '6', 'Costos'),
(1, 3, '5', 'Gastos'),
(1, 4, '5160', 'Depreciaciones'),
(1, 4, '5260', 'Depreciaciones'),
(1, 5, '5165', 'Amortizaciones'),
(1, 5, '5265', 'Amortizaciones'),
(1, 6, '5305', 'Financieros'),
(1, 2, '7', 'Costos'),
(2, 1, '41', 'Ingresos'),
(2, 2, '6', 'Costos'),
(2, 2, '7', 'Costos'),
(2, 3, '5', 'Gastos'),
(2, 6, '5305', 'Financieros'),
(2, 7, '21', 'Obligaciones Financieras'),
(2, 8, '530520', 'Intereses'),
(2, 9, '3', 'Patrimonio'),
(3, 1, '4', 'Ingresos'),
(3, 2, '6', 'Costos'),
(3, 2, '7', 'Costos'),
(3, 3, '5', 'Gastos');

-- --------------------------------------------------------

--
-- Estructura de tabla para la tabla `je_ereportes`
--

CREATE TABLE `je_ereportes` (
  `id_reporte` int(11) NOT NULL,
  `repordesc` varchar(200) DEFAULT NULL
) ENGINE=InnoDB DEFAULT CHARSET=utf8;

--
-- Volcado de datos para la tabla `je_ereportes`
--

INSERT INTO `je_ereportes` (`id_reporte`, `repordesc`) VALUES
(1, 'EBITDA'),
(2, 'EVA'),
(3, 'Ingresos Vs Costos y Gastos');

-- --------------------------------------------------------

--
-- Estructura de tabla para la tabla `je_impuestos`
--

CREATE TABLE `je_impuestos` (
  `id_impuesto` int(11) DEFAULT NULL,
  `impuesto_desc` varchar(100) DEFAULT NULL
) ENGINE=InnoDB DEFAULT CHARSET=utf8;

--
-- Volcado de datos para la tabla `je_impuestos`
--

INSERT INTO `je_impuestos` (`id_impuesto`, `impuesto_desc`) VALUES
(1, 'Impuesto a la renta');

-- --------------------------------------------------------

--
-- Estructura de tabla para la tabla `je_impuestosyear`
--

CREATE TABLE `je_impuestosyear` (
  `id_emp` char(2) DEFAULT NULL,
  `id_impuesto` int(11) DEFAULT NULL,
  `año_gravable` int(4) DEFAULT NULL,
  `imp_pctg` decimal(4,2) DEFAULT NULL
) ENGINE=InnoDB DEFAULT CHARSET=utf8;

--
-- Volcado de datos para la tabla `je_impuestosyear`
--

INSERT INTO `je_impuestosyear` (`id_emp`, `id_impuesto`, `año_gravable`, `imp_pctg`) VALUES
('DI', 1, 2014, '25.00'),
('DI', 1, 2018, '33.00'),
('DI', 1, 2019, '33.00');

--
-- Índices para tablas volcadas
--

--
-- Indices de la tabla `empresas`
--
ALTER TABLE `empresas`
  ADD KEY `EMPRESA_ix` (`CODIGO`);

--
-- Indices de la tabla `je_conceptocuentas`
--
ALTER TABLE `je_conceptocuentas`
  ADD PRIMARY KEY (`id_conceptocuentas`),
  ADD UNIQUE KEY `unica3` (`id_cuenta`,`id_concepto`,`id_emp`),
  ADD UNIQUE KEY `unica` (`id_cuenta`,`id_concepto`,`id_emp`);

--
-- Indices de la tabla `je_conceptos`
--
ALTER TABLE `je_conceptos`
  ADD PRIMARY KEY (`id_concepto`);

--
-- Indices de la tabla `je_ereportes`
--
ALTER TABLE `je_ereportes`
  ADD PRIMARY KEY (`id_reporte`);

--
-- AUTO_INCREMENT de las tablas volcadas
--

--
-- AUTO_INCREMENT de la tabla `je_conceptocuentas`
--
ALTER TABLE `je_conceptocuentas`
  MODIFY `id_conceptocuentas` int(11) NOT NULL AUTO_INCREMENT, AUTO_INCREMENT=23;

--
-- AUTO_INCREMENT de la tabla `je_conceptos`
--
ALTER TABLE `je_conceptos`
  MODIFY `id_concepto` int(11) NOT NULL AUTO_INCREMENT, AUTO_INCREMENT=11;
COMMIT;

/*!40101 SET CHARACTER_SET_CLIENT=@OLD_CHARACTER_SET_CLIENT */;
/*!40101 SET CHARACTER_SET_RESULTS=@OLD_CHARACTER_SET_RESULTS */;
/*!40101 SET COLLATION_CONNECTION=@OLD_COLLATION_CONNECTION */;
